account_id,mmr,carry_gpm,carry_xpm,carry_kills,carry_deaths,carry_assists,carry_lh,carry_denies,carry_level,carry_recorded_games,nuker_gpm,nuker_xpm,nuker_kills,nuker_deaths,nuker_assists,nuker_lh,nuker_denies,nuker_level,nuker_recorded_games,initiator_gpm,initiator_xpm,initiator_kills,initiator_deaths,initiator_assists,initiator_lh,initiator_denies,initiator_level,initiator_recorded_games,disabler_gpm,disabler_xpm,disabler_kills,disabler_deaths,disabler_assists,disabler_lh,disabler_denies,disabler_level,disabler_recorded_games,durable_gpm,durable_xpm,durable_kills,durable_deaths,durable_assists,durable_lh,durable_denies,durable_level,durable_recorded_games,escape_gpm,escape_xpm,escape_kills,escape_deaths,escape_assists,escape_lh,escape_denies,escape_level,escape_recorded_games,support_gpm,support_xpm,support_kills,support_deaths,support_assists,support_lh,support_denies,support_level,support_recorded_games,pusher_gpm,pusher_xpm,pusher_kills,pusher_deaths,pusher_assists,pusher_lh,pusher_denies,pusher_level,pusher_recorded_games,jungler_gpm,jungler_xpm,jungler_kills,jungler_deaths,jungler_assists,jungler_lh,jungler_denies,jungler_level,jungler_recorded_games
108655063,2564,522.622641509434,616.9056603773585,10.849056603773585,4.773584905660377,11.226415094339623,230.49056603773585,16.28301886792453,22.528301886792452,53,428.51851851851853,589.5185185185185,9.592592592592593,5.444444444444445,16.77777777777778,153.77777777777777,10.518518518518519,22.333333333333332,27,494.8888888888889,616.1481481481482,11.296296296296296,5.592592592592593,15.333333333333334,169.33333333333334,12.0,23.333333333333332,27,478.6969696969697,594.3333333333334,10.303030303030303,5.575757575757576,14.727272727272727,161.24242424242425,10.878787878787879,22.575757575757574,33,430.0416666666667,568.7083333333334,8.125,5.75,13.083333333333334,145.66666666666666,8.5,21.791666666666668,24,463.68,610.96,9.76,5.08,13.84,177.88,11.16,22.44,25,351.1818181818182,520.0909090909091,6.545454545454546,6.0,21.818181818181817,56.0,6.7272727272727275,21.181818181818183,11,411.3333333333333,496.5,6.666666666666667,6.166666666666667,14.0,123.0,6.833333333333333,19.666666666666668,6,455.0,656.0,14.0,10.0,20.0,150.0,6.0,25.0,1
76565034,3591,580.5645161290323,597.758064516129,12.806451612903226,4.919354838709677,10.435483870967742,204.56451612903226,12.064516129032258,20.5,62,441.7241379310345,502.1034482758621,10.10344827586207,6.241379310344827,10.379310344827585,150.20689655172413,6.275862068965517,20.413793103448278,29,413.0,443.55555555555554,6.277777777777778,5.666666666666667,12.722222222222221,124.77777777777777,5.5,18.333333333333332,18,428.0,459.2631578947368,6.526315789473684,5.684210526315789,12.68421052631579,135.73684210526315,6.315789473684211,18.57894736842105,19,442.5,468.1666666666667,7.666666666666667,6.166666666666667,11.666666666666666,158.0,4.0,18.166666666666668,6,539.5365853658536,594.1219512195122,12.097560975609756,4.975609756097561,10.829268292682928,176.26829268292684,10.853658536585366,20.609756097560975,41,258.0,301.6,3.6,6.4,11.2,35.2,3.4,14.6,5,447.5,472.75,12.25,6.5,8.0,184.75,10.25,20.0,4,377.0,448.0,7.0,8.0,6.0,157.0,0.0,18.0,1
197470247,1626,531.4565217391304,623.0434782608696,12.41304347826087,6.956521739130435,9.695652173913043,250.45652173913044,15.869565217391305,21.782608695652176,46,529.2307692307693,685.4615384615385,13.564102564102564,6.846153846153846,13.76923076923077,248.64102564102564,14.282051282051283,23.28205128205128,39,366.3333333333333,479.0,7.583333333333333,10.5,16.416666666666668,127.75,5.916666666666667,20.583333333333332,12,438.9310344827586,570.7241379310345,10.0,8.724137931034482,14.482758620689655,168.58620689655172,10.206896551724139,21.551724137931036,29,479.4375,567.25,11.5625,8.875,14.4375,214.0625,12.1875,21.5625,16,500.34615384615387,634.3846153846154,12.26923076923077,7.384615384615385,11.923076923076923,229.80769230769232,13.23076923076923,22.03846153846154,26,287.1666666666667,365.3333333333333,4.166666666666667,9.166666666666666,18.0,37.0,3.3333333333333335,18.333333333333332,6,473.3125,561.0,11.5625,6.625,12.3125,246.25,11.875,21.8125,16,319.0,314.0,2.0,7.0,3.0,132.0,2.0,17.0,1
369527366,2727,453.5,498.1875,8.1875,7.5625,10.875,166.0,4.625,20.625,16,468.0,597.0,10.0,7.0,19.0,134.0,2.0,24.0,1,430.5,540.5,10.0,10.5,27.5,170.0,5.0,25.0,2,413.0,531.6666666666666,9.0,9.333333333333334,24.666666666666668,165.0,5.0,24.333333333333332,3,440.6666666666667,549.0,8.333333333333334,7.333333333333333,13.666666666666666,148.0,8.0,21.666666666666668,3,447.0,436.6,9.8,6.8,12.8,172.0,2.2,19.8,5,393.0,635.0,3.0,7.0,34.0,111.0,7.0,25.0,1,0,0,0,0,0,0,0,0,0,0,0,0,0,0,0,0,0,0
118941336,4224,520.8260869565217,617.8260869565217,10.130434782608695,6.695652173913044,11.304347826086957,246.6086956521739,9.91304347826087,21.695652173913043,23,452.67391304347825,572.5434782608696,8.76086956521739,7.543478260869565,13.630434782608695,185.1086956521739,6.673913043478261,21.891304347826086,46,378.4,465.4,5.733333333333333,7.533333333333333,13.133333333333333,98.66666666666667,4.4,19.266666666666666,15,379.03225806451616,472.06451612903226,5.774193548387097,8.0,15.258064516129032,110.19354838709677,4.580645161290323,19.774193548387096,31,459.55555555555554,554.5555555555555,5.666666666666667,7.888888888888889,12.777777777777779,166.77777777777777,6.222222222222222,21.333333333333332,9,516.6153846153846,669.2307692307693,10.307692307692308,6.615384615384615,12.153846153846153,246.46153846153845,8.615384615384615,23.53846153846154,13,340.35714285714283,455.7857142857143,4.571428571428571,9.142857142857142,19.071428571428573,54.142857142857146,3.0,20.0,14,386.75,458.625,4.625,8.625,10.625,142.0,5.375,18.75,8,268.0,219.0,1.0,10.0,7.0,78.0,8.0,10.0,1
320389829,2496,601.2857142857143,599.4,14.371428571428572,7.171428571428572,9.657142857142857,224.62857142857143,9.942857142857143,22.771428571428572,35,562.047619047619,578.1428571428571,12.80952380952381,8.142857142857142,12.0,191.57142857142858,8.380952380952381,22.38095238095238,42,470.6666666666667,479.3333333333333,9.833333333333334,10.166666666666666,12.5,114.0,3.1666666666666665,20.666666666666668,6,529.0,543.7272727272727,11.090909090909092,8.878787878787879,12.909090909090908,182.15151515151516,5.878787878787879,22.12121212121212,33,496.4,527.6,6.2,6.8,10.0,166.8,3.8,20.7,10,628.4,686.8,17.9,6.0,9.1,215.0,9.6,24.5,10,434.5,497.3333333333333,7.0,10.0,16.833333333333332,97.66666666666667,1.5,20.666666666666668,6,501.6666666666667,584.3333333333334,14.333333333333334,11.0,21.0,131.66666666666666,2.3333333333333335,23.0,3,0,0,0,0,0,0,0,0,0
321668678,3322,646.2888888888889,631.8,15.866666666666667,7.0,10.688888888888888,246.44444444444446,10.733333333333333,22.177777777777777,45,516.578947368421,597.1052631578947,9.631578947368421,10.263157894736842,15.68421052631579,167.94736842105263,4.7894736842105265,23.210526315789473,19,465.0833333333333,538.2916666666666,8.791666666666666,8.458333333333334,16.166666666666668,146.16666666666666,4.083333333333333,21.625,24,442.5769230769231,540.8461538461538,9.961538461538462,8.76923076923077,15.692307692307692,117.73076923076923,4.5,21.576923076923077,26,610.4782608695652,621.304347826087,17.608695652173914,7.130434782608695,11.652173913043478,201.2173913043478,11.391304347826088,21.82608695652174,23,622.0,645.0,17.043478260869566,7.130434782608695,10.73913043478261,226.43478260869566,12.565217391304348,22.26086956521739,23,451.5,506.75,6.333333333333333,9.583333333333334,23.25,152.08333333333334,3.1666666666666665,22.5,12,565.2,577.1,12.6,6.4,13.0,174.2,5.9,22.0,10,474.5,557.5,9.166666666666666,7.666666666666667,14.833333333333334,161.66666666666666,5.5,22.5,6
239073707,4144,468.2,574.95,8.825,6.975,13.45,218.65,12.65,22.75,40,409.35,492.075,6.175,6.775,13.425,131.175,6.9,20.7,40,335.46666666666664,455.6666666666667,4.766666666666667,9.166666666666666,17.333333333333332,81.43333333333334,3.466666666666667,20.866666666666667,30,383.3333333333333,460.9111111111111,5.622222222222222,7.266666666666667,15.355555555555556,100.71111111111111,4.844444444444444,20.333333333333332,45,395.6,512.05,6.75,8.9,16.95,154.8,8.1,21.95,20,499.2,611.8,11.6,5.9,14.1,257.2,11.3,23.4,10,343.9032258064516,430.51612903225805,3.5806451612903225,6.612903225806452,15.838709677419354,44.45161290322581,1.7419354838709677,19.161290322580644,31,390.1666666666667,442.0,5.5,7.5,10.5,110.33333333333333,6.833333333333333,18.5,6,294.0,443.0,3.5,9.5,24.0,75.0,2.5,21.0,2
100180773,4058,448.40625,537.75,7.96875,7.90625,14.03125,213.21875,18.65625,21.875,32,400.8,513.2,8.25,8.4,17.1,183.65,10.35,21.8,20,315.6923076923077,442.46153846153845,3.769230769230769,11.384615384615385,20.46153846153846,100.84615384615384,7.846153846153846,21.384615384615383,13,361.1764705882353,462.6470588235294,5.235294117647059,10.117647058823529,16.235294117647058,128.05882352941177,10.823529411764707,20.705882352941178,17,417.44444444444446,512.6111111111111,8.166666666666666,10.11111111111111,15.222222222222221,173.33333333333334,17.38888888888889,21.72222222222222,18,486.57894736842104,627.5526315789474,9.68421052631579,6.684210526315789,11.289473684210526,236.02631578947367,12.973684210526315,22.68421052631579,38,334.75,447.0,3.5,9.416666666666666,15.75,97.66666666666667,4.666666666666667,20.166666666666668,12,506.0810810810811,625.6756756756756,10.702702702702704,7.5675675675675675,10.972972972972974,254.32432432432432,13.243243243243244,22.783783783783782,37,434.0,360.3333333333333,5.0,11.0,9.666666666666666,209.0,9.666666666666666,18.0,3
208533206,4402,574.6,673.475,13.15,6.5,13.65,289.075,30.15,24.25,40,443.42857142857144,562.5,11.023809523809524,7.0476190476190474,14.119047619047619,164.42857142857142,15.380952380952381,21.952380952380953,42,416.7142857142857,521.5,10.285714285714286,7.928571428571429,16.785714285714285,148.14285714285714,13.357142857142858,22.285714285714285,14,425.95348837209303,531.2790697674419,10.209302325581396,6.837209302325581,15.0,141.8372093023256,16.093023255813954,21.558139534883722,43,529.0,594.8181818181819,12.545454545454545,6.818181818181818,17.181818181818183,225.9090909090909,20.0,22.90909090909091,11,557.55,658.4,13.45,6.85,12.8,298.05,23.8,24.4,20,353.4736842105263,461.10526315789474,7.526315789473684,7.421052631578948,15.0,79.52631578947368,6.0,19.263157894736842,19,462.75,563.25,10.25,10.5,17.5,192.25,7.25,23.75,4,443.0,590.0,11.0,9.0,9.0,280.0,2.0,25.0,1
35899946,4046,598.4473684210526,571.8684210526316,10.105263157894736,6.342105263157895,13.289473684210526,387.2631578947368,8.578947368421053,23.18421052631579,38,486.4761904761905,552.1904761904761,8.428571428571429,7.238095238095238,12.642857142857142,219.78571428571428,5.642857142857143,22.071428571428573,42,432.36842105263156,506.42105263157896,7.526315789473684,8.052631578947368,17.789473684210527,136.21052631578948,4.421052631578948,22.0,19,463.8139534883721,509.93023255813955,7.348837209302325,7.186046511627907,14.604651162790697,193.02325581395348,5.069767441860465,21.41860465116279,43,564.0,692.25,10.5,6.25,16.75,207.25,8.0,24.25,4,574.3333333333334,551.6,10.733333333333333,7.133333333333334,14.4,409.53333333333336,5.933333333333334,22.666666666666668,15,342.3333333333333,426.77777777777777,4.888888888888889,7.111111111111111,20.77777777777778,64.88888888888889,1.8888888888888888,19.0,9,530.5714285714286,525.4285714285714,7.0,6.428571428571429,15.214285714285714,320.2142857142857,6.0,22.714285714285715,14,0,0,0,0,0,0,0,0,0
353769854,3732,609.078947368421,720.5263157894736,11.5,7.552631578947368,6.894736842105263,242.80263157894737,13.25,21.789473684210527,76,583.9777777777778,724.4444444444445,11.066666666666666,8.244444444444444,8.022222222222222,251.84444444444443,9.822222222222223,21.933333333333334,45,487.44444444444446,624.2222222222222,12.0,9.222222222222221,16.666666666666668,185.66666666666666,4.111111111111111,22.555555555555557,9,500.7142857142857,611.6428571428571,10.571428571428571,9.928571428571429,14.285714285714286,188.57142857142858,6.785714285714286,22.357142857142858,14,612.0714285714286,724.7857142857143,13.464285714285714,8.392857142857142,7.142857142857143,222.5,15.571428571428571,22.928571428571427,28,602.5806451612904,763.3548387096774,12.0,7.225806451612903,7.967741935483871,258.19354838709677,6.096774193548387,21.967741935483872,31,398.0,348.0,3.0,9.0,22.0,56.666666666666664,1.6666666666666667,16.0,3,381.0,380.5,3.75,8.25,5.5,134.5,5.5,14.0,4,295.0,253.0,2.5,8.5,4.5,96.5,2.5,10.0,2
247845377,4253,576.875,577.0,13.625,5.8125,13.125,278.9375,10.1875,22.25,16,435.3333333333333,489.5,8.833333333333334,5.666666666666667,11.333333333333334,149.0,3.8333333333333335,18.833333333333332,6,470.0,491.7142857142857,8.857142857142858,5.142857142857143,12.0,166.57142857142858,3.4285714285714284,19.285714285714285,7,469.8,477.8,8.8,4.8,13.0,165.4,3.2,18.6,5,545.0,512.5,13.25,5.0,9.0,228.25,3.0,19.5,4,481.57142857142856,558.4285714285714,9.857142857142858,6.714285714285714,16.285714285714285,152.28571428571428,3.142857142857143,21.0,7,351.5,399.375,4.875,7.5,17.75,75.0,1.125,18.625,8,460.0,496.5,9.5,8.0,8.0,222.0,4.0,19.5,2,0,0,0,0,0,0,0,0,0
25748733,3175,456.7692307692308,536.0,6.3076923076923075,8.538461538461538,9.923076923076923,214.3846153846154,6.461538461538462,21.692307692307693,13,268.3333333333333,409.5833333333333,3.5833333333333335,12.25,15.666666666666666,55.833333333333336,0.6666666666666666,20.5,12,365.1666666666667,504.1212121212121,7.151515151515151,12.681818181818182,20.21212121212121,113.8030303030303,1.7575757575757576,21.818181818181817,66,352.3614457831325,487.86746987951807,6.602409638554217,12.421686746987952,18.49397590361446,108.86746987951807,1.6506024096385543,21.46987951807229,83,413.85714285714283,526.2380952380952,6.0,9.904761904761905,12.904761904761905,164.33333333333334,2.3333333333333335,21.523809523809526,21,554.0,537.0,5.0,2.0,9.0,247.0,9.0,21.0,1,260.8333333333333,396.8333333333333,3.5,12.583333333333334,15.083333333333334,56.25,1.0833333333333333,19.916666666666668,12,438.8,524.8,7.2,9.0,10.0,159.2,0.6,21.4,5,442.0,488.0,5.0,8.0,6.0,146.0,0.0,20.0,1
224445225,4000,539.9491525423729,630.2542372881356,8.491525423728813,6.338983050847458,12.033898305084746,266.50847457627117,10.372881355932204,22.966101694915253,59,307.0833333333333,414.4166666666667,3.25,9.666666666666666,17.166666666666668,42.75,1.8333333333333333,19.166666666666668,12,460.6190476190476,562.6190476190476,7.619047619047619,7.0,16.38095238095238,181.14285714285714,7.476190476190476,22.285714285714285,21,435.22222222222223,533.6,6.7555555555555555,7.5777777777777775,15.266666666666667,148.64444444444445,6.288888888888889,21.466666666666665,45,508.28,592.84,8.12,6.36,11.08,222.64,9.36,22.48,25,584.2352941176471,662.1764705882352,8.0,6.235294117647059,9.764705882352942,345.70588235294116,13.176470588235293,23.470588235294116,17,308.3125,440.3125,3.4375,11.0625,17.4375,53.5,2.1875,20.25,16,478.3,578.7,8.0,9.2,11.5,182.0,8.7,22.5,10,407.0,536.0,12.0,10.0,16.0,156.0,4.0,25.0,1
74483522,3650,428.1818181818182,550.4545454545455,5.659090909090909,5.954545454545454,13.318181818181818,191.95454545454547,10.159090909090908,21.818181818181817,44,265.625,373.375,4.0,7.75,12.25,42.25,2.75,18.25,8,306.36986301369865,428.0821917808219,4.054794520547945,7.328767123287672,15.602739726027398,68.71232876712328,5.054794520547945,19.63013698630137,73,294.4516129032258,410.0,3.967741935483871,7.32258064516129,15.370967741935484,57.96774193548387,4.709677419354839,19.20967741935484,62,375.0,506.6875,4.1875,6.5625,14.75,138.25,7.5625,21.0,16,460.1363636363636,593.0909090909091,6.863636363636363,5.409090909090909,12.409090909090908,226.04545454545453,12.545454545454545,22.863636363636363,22,267.51612903225805,398.64516129032256,3.903225806451613,8.806451612903226,15.516129032258064,39.935483870967744,4.096774193548387,19.322580645161292,31,0,0,0,0,0,0,0,0,0,0,0,0,0,0,0,0,0,0
123276093,2820,392.26666666666665,516.2333333333333,7.9,11.0,14.0,154.03333333333333,6.1,20.9,30,336.92857142857144,459.7142857142857,8.964285714285714,13.107142857142858,17.035714285714285,82.21428571428571,3.0,20.928571428571427,28,357.8709677419355,460.06451612903226,7.193548387096774,11.483870967741936,16.129032258064516,119.16129032258064,3.064516129032258,20.387096774193548,31,352.77777777777777,451.05555555555554,6.861111111111111,12.25,16.444444444444443,122.63888888888889,3.388888888888889,20.444444444444443,36,402.0625,515.375,8.75,11.875,13.8125,153.5,2.3125,21.375,16,358.3333333333333,473.57142857142856,5.857142857142857,12.571428571428571,19.19047619047619,87.57142857142857,3.3333333333333335,20.666666666666668,21,289.5,407.44444444444446,7.277777777777778,13.38888888888889,16.11111111111111,37.166666666666664,2.1666666666666665,18.77777777777778,18,333.85714285714283,412.7142857142857,3.857142857142857,11.0,14.857142857142858,132.42857142857142,2.5714285714285716,19.857142857142858,7,375.5,477.5,7.5,12.375,14.5,151.25,0.125,21.75,8
122689868,2284,385.3191489361702,507.1276595744681,7.8936170212765955,9.042553191489361,14.063829787234043,134.87234042553192,5.0638297872340425,21.04255319148936,47,300.5,386.3125,4.8125,11.125,15.75,66.9375,3.9375,18.125,16,353.2857142857143,467.57142857142856,6.9714285714285715,10.857142857142858,16.428571428571427,109.85714285714286,4.857142857142857,20.457142857142856,35,343.04651162790697,456.90697674418607,6.651162790697675,10.976744186046512,16.651162790697676,103.90697674418605,4.511627906976744,20.372093023255815,43,360.07142857142856,496.57142857142856,9.214285714285714,10.071428571428571,15.571428571428571,99.85714285714286,1.7142857142857142,20.928571428571427,14,384.3333333333333,548.7333333333333,9.466666666666667,8.066666666666666,13.066666666666666,119.0,3.533333333333333,22.0,15,258.0833333333333,357.3333333333333,3.5833333333333335,11.333333333333334,15.5,40.083333333333336,3.6666666666666665,17.416666666666668,12,254.0,328.0,3.0,9.0,11.0,41.0,0.0,16.0,1,364.2,524.2,8.4,9.6,16.8,111.8,0.8,22.0,5
185279801,1824,452.83838383838383,538.3838383838383,7.838383838383838,7.363636363636363,13.616161616161616,247.34343434343435,1.6161616161616161,22.95959595959596,99,0,0,0,0,0,0,0,0,0,336.5,546.5,2.0,10.0,11.5,131.0,1.0,25.0,2,452.10526315789474,601.0,7.2105263157894735,6.105263157894737,15.526315789473685,218.57894736842104,0.6842105263157895,23.894736842105264,19,465.70588235294116,607.4117647058823,7.823529411764706,5.647058823529412,16.0,228.88235294117646,0.6470588235294118,23.764705882352942,17,0,0,0,0,0,0,0,0,0,0,0,0,0,0,0,0,0,0,0,0,0,0,0,0,0,0,0,0,0,0,0,0,0,0,0,0
175834116,2100,528.8301886792453,632.9811320754717,11.962264150943396,9.377358490566039,10.0,204.81132075471697,5.245283018867925,22.056603773584907,53,510.13953488372096,651.8604651162791,13.325581395348838,9.581395348837209,12.744186046511627,166.65116279069767,4.232558139534884,22.53488372093023,43,408.2307692307692,465.6923076923077,7.615384615384615,10.153846153846153,12.76923076923077,105.3076923076923,2.4615384615384617,19.46153846153846,13,504.36842105263156,539.1052631578947,9.894736842105264,9.68421052631579,12.947368421052632,235.42105263157896,4.7894736842105265,21.94736842105263,19,478.4166666666667,553.6666666666666,10.083333333333334,9.25,13.75,141.08333333333334,1.75,21.333333333333332,12,544.6857142857143,686.7428571428571,13.885714285714286,8.114285714285714,10.6,171.11428571428573,4.314285714285714,21.97142857142857,35,386.8333333333333,491.3333333333333,5.0,12.833333333333334,19.833333333333332,90.83333333333333,2.8333333333333335,22.666666666666668,6,503.15,493.9,9.6,12.0,13.9,251.5,4.4,22.0,20,0,0,0,0,0,0,0,0,0
192264445,3343,413.875,463.3125,6.5625,7.625,9.1875,141.5625,8.5,18.625,16,333.54545454545456,397.90909090909093,5.909090909090909,8.727272727272727,12.545454545454545,104.36363636363636,6.2727272727272725,17.545454545454547,11,310.05882352941177,349.5882352941176,6.0588235294117645,10.235294117647058,11.058823529411764,66.41176470588235,3.411764705882353,15.588235294117647,17,322.8,358.06666666666666,6.0,10.866666666666667,10.8,60.6,2.8666666666666667,15.8,15,349.46153846153845,387.9230769230769,5.384615384615385,8.076923076923077,9.153846153846153,94.3076923076923,4.615384615384615,15.76923076923077,13,303.7142857142857,362.57142857142856,5.714285714285714,8.0,9.0,77.57142857142857,4.857142857142857,16.142857142857142,7,270.8,314.2,2.2,8.8,7.4,43.4,3.4,13.6,5,315.6666666666667,332.0,5.0,8.0,12.0,96.66666666666667,6.666666666666667,16.333333333333332,3,0,0,0,0,0,0,0,0,0
105444840,3318,415.0,484.4,7.6,8.8,13.2,111.6,4.6,19.8,5,464.0,496.5,11.5,6.5,13.5,81.5,1.5,18.5,2,463.75,512.25,10.0,8.0,17.75,130.5,2.0,20.25,4,486.55555555555554,568.2222222222222,10.88888888888889,7.333333333333333,15.555555555555555,125.11111111111111,2.6666666666666665,21.555555555555557,9,461.0,531.4,11.6,11.0,13.2,149.6,5.2,20.8,5,374.6666666666667,360.8333333333333,5.333333333333333,8.0,16.0,79.66666666666667,1.8333333333333333,16.666666666666668,6,391.0,509.5,6.5,7.0,18.5,94.5,5.5,24.5,2,0,0,0,0,0,0,0,0,0,454.0,618.0,18.0,16.0,20.0,282.0,3.0,25.0,1
301657004,2413,491.96,573.24,9.72,8.04,15.6,175.88,6.4,21.84,25,440.3181818181818,498.27272727272725,7.7272727272727275,8.772727272727273,14.681818181818182,144.3181818181818,9.954545454545455,19.818181818181817,22,385.56,481.48,6.48,8.88,15.48,99.44,3.84,19.6,25,409.8611111111111,494.5833333333333,6.916666666666667,8.583333333333334,15.555555555555555,123.02777777777777,5.944444444444445,19.97222222222222,36,419.0625,528.5,7.4375,8.0,16.375,122.875,2.8125,21.1875,16,471.38461538461536,544.9230769230769,9.076923076923077,10.076923076923077,17.384615384615383,182.46153846153845,5.846153846153846,22.53846153846154,13,272.875,331.625,2.375,11.75,15.0625,60.4375,4.6875,16.1875,16,452.6666666666667,436.0,8.0,10.5,9.5,186.33333333333334,8.333333333333334,18.333333333333332,6,451.6666666666667,509.0,9.333333333333334,11.666666666666666,15.333333333333334,213.33333333333334,2.6666666666666665,23.666666666666668,3
187790512,3539,599.4067796610169,611.6101694915254,8.847457627118644,6.47457627118644,11.389830508474576,274.864406779661,11.457627118644067,23.10169491525424,59,579.9,682.3,8.2,7.0,11.4,283.9,11.8,23.9,10,430.74468085106383,510.5531914893617,8.382978723404255,8.914893617021276,14.617021276595745,145.2340425531915,6.914893617021277,21.361702127659573,47,436.40816326530614,516.7551020408164,8.877551020408163,8.89795918367347,14.714285714285714,148.22448979591837,7.0,21.53061224489796,49,500.7704918032787,557.4098360655738,8.295081967213115,8.327868852459016,14.459016393442623,173.9016393442623,6.377049180327869,22.131147540983605,61,515.1,568.9,8.3,8.4,9.6,242.7,14.9,23.1,10,0,0,0,0,0,0,0,0,0,417.0,475.5,8.5,7.0,8.0,152.0,7.0,19.0,2,426.0,496.6666666666667,8.333333333333334,13.333333333333334,12.333333333333334,190.66666666666666,2.0,22.666666666666668,3
130837398,2230,369.0,453.7,5.0,7.2,10.8,135.5,3.0,19.7,10,342.6375,430.3875,5.5,8.2875,16.525,79.5,1.85,19.625,80,369.73809523809524,459.0238095238095,4.833333333333333,7.309523809523809,15.976190476190476,102.4047619047619,1.9523809523809523,20.166666666666668,42,336.5,415.10869565217394,4.413043478260869,8.173913043478262,15.152173913043478,87.97826086956522,1.9565217391304348,18.67391304347826,46,358.3333333333333,445.6666666666667,3.3333333333333335,7.0,11.333333333333334,113.0,1.6666666666666667,19.666666666666668,3,379.6666666666667,474.53846153846155,4.9743589743589745,7.256410256410256,16.46153846153846,109.15384615384616,1.641025641025641,20.641025641025642,39,307.75,393.65,5.975,9.3,16.775,51.15,2.15,18.925,40,297.75,319.25,1.75,7.0,12.75,89.0,1.0,15.5,4,0,0,0,0,0,0,0,0,0
103343694,3063,536.2631578947369,625.578947368421,12.368421052631579,5.684210526315789,11.31578947368421,258.7894736842105,12.31578947368421,22.710526315789473,38,505.7,586.7333333333333,10.466666666666667,5.066666666666666,16.266666666666666,218.96666666666667,9.1,22.0,30,443.77777777777777,522.6111111111111,8.083333333333334,5.111111111111111,16.61111111111111,170.44444444444446,8.222222222222221,21.444444444444443,36,473.64285714285717,558.7619047619048,9.476190476190476,5.261904761904762,16.61904761904762,196.45238095238096,9.642857142857142,22.023809523809526,42,496.2142857142857,596.0,10.285714285714286,6.357142857142857,12.571428571428571,205.57142857142858,7.714285714285714,22.357142857142858,14,556.24,662.36,12.4,4.76,14.32,260.64,9.12,23.08,25,348.0,414.0,6.142857142857143,7.071428571428571,18.142857142857142,80.28571428571429,1.4285714285714286,19.214285714285715,14,428.77777777777777,505.0,7.888888888888889,5.555555555555555,14.666666666666666,221.11111111111111,13.444444444444445,20.88888888888889,9,428.14285714285717,471.7142857142857,6.428571428571429,4.714285714285714,15.285714285714286,190.71428571428572,12.714285714285714,20.142857142857142,7
25421057,3497,533.8260869565217,683.8695652173913,11.608695652173912,5.521739130434782,10.282608695652174,226.5,11.391304347826088,23.5,46,505.8666666666667,694.3333333333334,13.6,7.133333333333334,11.133333333333333,227.93333333333334,8.6,23.2,15,546.5217391304348,669.3478260869565,10.08695652173913,5.782608695652174,11.521739130434783,221.30434782608697,13.695652173913043,23.304347826086957,23,541.44,665.64,10.32,5.44,11.12,207.64,13.56,23.48,25,440.57142857142856,576.0,10.142857142857142,8.0,15.428571428571429,174.57142857142858,10.285714285714286,23.285714285714285,7,466.07547169811323,630.1132075471698,10.0,5.754716981132075,11.81132075471698,210.73584905660377,6.132075471698113,22.9811320754717,53,489.75,559.5,9.916666666666666,8.5,13.833333333333334,189.58333333333334,6.416666666666667,22.5,12,509.7142857142857,584.7142857142857,9.285714285714286,8.142857142857142,8.428571428571429,267.2857142857143,3.142857142857143,22.142857142857142,7,525.3333333333334,535.0,8.0,8.666666666666666,6.666666666666667,215.66666666666666,5.333333333333333,20.666666666666668,3
93088400,2888,572.1666666666666,615.0333333333333,11.266666666666667,8.0,12.766666666666667,237.36666666666667,7.5,23.1,30,488.0,583.75,9.0,10.083333333333334,11.583333333333334,175.5,8.5,21.5,12,501.5,560.5833333333334,11.083333333333334,9.166666666666666,10.0,235.5,0.16666666666666666,22.75,12,511.34090909090907,611.2045454545455,9.431818181818182,8.227272727272727,8.931818181818182,212.38636363636363,0.25,22.545454545454547,44,544.2142857142857,593.7857142857143,10.285714285714286,8.357142857142858,11.714285714285714,235.5,0.42857142857142855,23.0,14,549.0,606.8666666666667,11.266666666666667,8.533333333333333,14.6,257.53333333333336,5.6,23.666666666666668,15,0,0,0,0,0,0,0,0,0,0,0,0,0,0,0,0,0,0,501.5,560.5833333333334,11.083333333333334,9.166666666666666,10.0,235.5,0.16666666666666666,22.75,12
177764918,1522,551.4418604651163,678.2790697674419,10.790697674418604,6.4186046511627906,8.906976744186046,269.5581395348837,5.6976744186046515,22.930232558139537,43,472.39130434782606,587.2608695652174,9.869565217391305,7.086956521739131,8.826086956521738,170.17391304347825,3.652173913043478,20.91304347826087,23,381.7,553.8,8.3,8.9,17.7,87.5,4.0,22.2,10,372.0,485.0,7.375,7.875,17.375,63.75,3.625,19.75,8,412.0,612.5714285714286,9.142857142857142,9.428571428571429,15.428571428571429,129.14285714285714,3.7142857142857144,23.714285714285715,7,544.2325581395348,658.8139534883721,10.744186046511627,6.116279069767442,10.093023255813954,270.72093023255815,4.627906976744186,22.674418604651162,43,341.3333333333333,398.0,4.777777777777778,7.0,13.88888888888889,50.111111111111114,3.2222222222222223,17.88888888888889,9,421.90909090909093,449.27272727272725,6.181818181818182,6.2727272727272725,7.636363636363637,158.9090909090909,2.090909090909091,18.09090909090909,11,488.75,537.625,7.875,6.875,10.5,183.875,1.0,20.5,8
294071148,2103,452.1111111111111,580.0,8.0,6.111111111111111,10.333333333333334,179.88888888888889,9.777777777777779,22.555555555555557,9,366.6190476190476,434.04761904761904,6.0,8.857142857142858,14.380952380952381,114.42857142857143,4.190476190476191,20.285714285714285,21,388.46875,482.4375,6.25,7.71875,13.84375,140.03125,4.5,22.03125,32,376.7631578947368,464.57894736842104,6.578947368421052,8.026315789473685,13.447368421052632,123.05263157894737,4.7894736842105265,21.07894736842105,38,393.1764705882353,509.05882352941177,7.352941176470588,8.411764705882353,12.941176470588236,141.76470588235293,4.0588235294117645,22.58823529411765,17,583.6666666666666,675.0,8.666666666666666,4.666666666666667,11.0,206.0,13.0,23.0,3,319.1111111111111,416.6111111111111,3.888888888888889,8.944444444444445,15.833333333333334,70.16666666666667,3.7777777777777777,19.833333333333332,18,377.8333333333333,478.3333333333333,6.333333333333333,7.166666666666667,10.666666666666666,123.0,3.0,19.666666666666668,6,352.0,481.0,6.0,12.0,9.0,196.0,1.0,23.0,1
79153589,2191,446.6,534.35,10.95,9.525,13.3,133.9,10.65,20.7,40,317.2352941176471,398.88235294117646,5.529411764705882,11.529411764705882,14.235294117647058,56.76470588235294,9.705882352941176,16.823529411764707,17,361.5263157894737,463.2631578947368,6.842105263157895,10.31578947368421,16.157894736842106,74.6842105263158,7.105263157894737,18.63157894736842,19,342.09090909090907,426.77272727272725,5.681818181818182,9.363636363636363,15.090909090909092,78.0,5.7272727272727275,17.318181818181817,22,381.8333333333333,476.1111111111111,8.0,10.944444444444445,15.666666666666666,101.22222222222223,7.611111111111111,19.666666666666668,18,426.90909090909093,481.90909090909093,9.545454545454545,11.0,13.0,129.0909090909091,10.181818181818182,19.90909090909091,11,289.0,370.0,4.411764705882353,10.705882352941176,15.588235294117647,53.529411764705884,8.588235294117647,16.352941176470587,17,306.0,299.0,3.0,12.0,11.0,23.0,12.0,12.0,1,390.0,499.5,7.0,11.5,8.0,163.0,0.0,19.5,2
94483806,709,497.44444444444446,598.4722222222222,8.222222222222221,6.277777777777778,14.166666666666666,215.41666666666666,3.888888888888889,22.333333333333332,36,406.7878787878788,543.4545454545455,6.151515151515151,7.9393939393939394,15.969696969696969,141.0,2.9696969696969697,22.303030303030305,33,395.3478260869565,517.1304347826087,5.130434782608695,8.347826086956522,15.782608695652174,148.17391304347825,2.5652173913043477,22.08695652173913,23,397.72727272727275,510.1515151515151,4.696969696969697,7.787878787878788,16.21212121212121,122.78787878787878,2.5454545454545454,21.575757575757574,33,452.5,551.2142857142857,6.714285714285714,6.5,12.928571428571429,181.85714285714286,3.4285714285714284,21.642857142857142,14,463.8235294117647,575.2352941176471,7.294117647058823,6.647058823529412,12.823529411764707,209.1764705882353,3.588235294117647,22.11764705882353,17,337.6666666666667,453.3333333333333,3.4166666666666665,7.375,16.416666666666668,68.0,2.5416666666666665,19.916666666666668,24,394.375,525.625,5.125,9.625,16.25,141.625,3.5,23.125,8,463.0,642.5,9.5,7.0,17.5,247.5,0.5,25.0,2
175443422,1058,381.7435897435897,499.4871794871795,7.846153846153846,10.538461538461538,13.743589743589743,143.07692307692307,4.17948717948718,21.153846153846153,39,354.875,470.375,7.291666666666667,9.833333333333334,16.666666666666668,103.79166666666667,2.4166666666666665,20.5,24,341.5263157894737,460.2105263157895,5.631578947368421,11.894736842105264,17.05263157894737,133.68421052631578,3.3157894736842106,21.473684210526315,19,357.13513513513516,463.18918918918916,6.783783783783784,10.891891891891891,15.64864864864865,127.29729729729729,3.5945945945945947,20.945945945945947,37,379.8965517241379,499.0689655172414,8.0,10.724137931034482,14.96551724137931,154.3448275862069,4.758620689655173,21.93103448275862,29,422.25,595.5,9.25,9.75,11.5,135.0,2.5,24.25,4,290.70588235294116,382.8235294117647,3.588235294117647,9.588235294117647,16.058823529411764,59.11764705882353,2.9411764705882355,18.11764705882353,17,426.8181818181818,555.8181818181819,8.818181818181818,9.454545454545455,14.909090909090908,156.9090909090909,5.181818181818182,23.454545454545453,11,366.875,467.25,7.25,12.0,14.0,159.75,3.0,21.125,8
137493268,2164,463.1666666666667,506.52777777777777,7.333333333333333,7.388888888888889,15.583333333333334,204.80555555555554,2.5555555555555554,22.61111111111111,36,369.0,423.5625,4.8125,9.8125,15.8125,127.125,2.125,20.75,16,412.82142857142856,466.85714285714283,4.464285714285714,8.214285714285714,16.535714285714285,142.71428571428572,2.8214285714285716,21.035714285714285,28,348.0,414.3235294117647,4.411764705882353,8.970588235294118,18.852941176470587,81.97058823529412,3.0,20.264705882352942,34,447.9032258064516,497.741935483871,5.967741935483871,7.548387096774194,17.0,166.32258064516128,2.193548387096774,21.93548387096774,31,423.6470588235294,489.88235294117646,7.0,7.117647058823529,14.235294117647058,153.23529411764707,2.8823529411764706,22.11764705882353,17,321.2173913043478,385.3478260869565,3.652173913043478,9.521739130434783,21.47826086956522,61.08695652173913,2.869565217391304,20.17391304347826,23,330.625,356.875,3.125,11.125,13.875,99.5,2.625,17.625,8,240.0,224.0,0.0,9.0,6.0,103.0,2.0,13.0,1
296306349,3614,556.4705882352941,614.0294117647059,9.970588235294118,7.029411764705882,9.352941176470589,287.25,9.029411764705882,22.38235294117647,68,377.1111111111111,506.22222222222223,6.222222222222222,10.333333333333334,9.88888888888889,152.55555555555554,5.111111111111111,20.444444444444443,9,436.6666666666667,540.8333333333334,8.333333333333334,7.666666666666667,10.333333333333334,216.5,5.5,22.666666666666668,6,433.0,480.6666666666667,7.0,6.833333333333333,10.0,185.0,5.333333333333333,20.666666666666668,6,656.7777777777778,612.5555555555555,7.444444444444445,6.222222222222222,8.88888888888889,283.1111111111111,6.222222222222222,22.22222222222222,9,554.6206896551724,621.3103448275862,10.241379310344827,7.310344827586207,8.724137931034482,329.2413793103448,9.344827586206897,22.620689655172413,29,443.0,492.4,5.6,7.8,11.2,206.8,4.4,20.0,5,476.2307692307692,516.0,7.461538461538462,11.384615384615385,16.23076923076923,256.2307692307692,1.8461538461538463,22.153846153846153,13,488.0833333333333,517.9166666666666,7.916666666666667,11.666666666666666,16.166666666666668,274.25,2.0,22.333333333333332,12
134344286,3826,514.1724137931035,583.051724137931,7.620689655172414,7.568965517241379,9.068965517241379,212.25862068965517,18.79310344827586,21.32758620689655,58,445.7368421052632,568.2105263157895,8.947368421052632,7.157894736842105,11.842105263157896,206.6315789473684,16.894736842105264,21.263157894736842,19,355.6363636363636,412.3636363636364,6.181818181818182,9.272727272727273,9.545454545454545,100.0,6.2727272727272725,17.0,11,448.0217391304348,544.5652173913044,6.891304347826087,7.8478260869565215,8.41304347826087,145.19565217391303,16.695652173913043,20.369565217391305,46,453.93939393939394,514.3030303030303,6.878787878787879,8.666666666666666,8.606060606060606,156.78787878787878,14.666666666666666,19.606060606060606,33,536.3103448275862,607.7931034482758,8.275862068965518,7.344827586206897,9.793103448275861,233.68965517241378,18.93103448275862,22.20689655172414,29,422.7083333333333,554.875,6.916666666666667,8.208333333333334,8.291666666666666,124.75,17.291666666666668,20.333333333333332,24,504.1363636363636,583.6363636363636,7.318181818181818,7.409090909090909,8.681818181818182,203.1818181818182,16.636363636363637,21.40909090909091,22,532.0,637.0,9.0,8.0,15.0,144.0,5.0,21.0,1
113569302,4751,535.8809523809524,592.8571428571429,10.047619047619047,8.261904761904763,10.547619047619047,239.97619047619048,11.761904761904763,21.88095238095238,42,516.2307692307693,607.2307692307693,10.461538461538462,8.307692307692308,11.692307692307692,216.19230769230768,9.884615384615385,22.192307692307693,26,409.70588235294116,506.20588235294116,7.5588235294117645,9.588235294117647,14.735294117647058,126.6470588235294,6.882352941176471,21.058823529411764,34,437.6,543.675,8.625,9.15,13.975,146.625,7.225,21.6,40,445.125,524.7916666666666,9.125,9.958333333333334,15.25,155.125,5.333333333333333,21.416666666666668,24,538.7368421052631,636.7894736842105,11.368421052631579,8.157894736842104,11.052631578947368,235.31578947368422,10.052631578947368,23.05263157894737,19,360.57142857142856,465.7142857142857,6.714285714285714,8.142857142857142,13.285714285714286,127.14285714285714,4.285714285714286,19.857142857142858,7,433.5,510.5,9.0,8.333333333333334,12.5,208.33333333333334,3.1666666666666665,20.666666666666668,6,470.25,532.25,9.75,11.5,10.5,259.75,3.0,22.5,4
116019740,3558,466.6666666666667,476.3333333333333,11.416666666666666,7.833333333333333,12.333333333333334,156.58333333333334,7.416666666666667,19.916666666666668,12,407.26666666666665,532.6888888888889,10.4,8.28888888888889,14.88888888888889,144.7111111111111,6.266666666666667,22.355555555555554,45,331.09375,452.625,6.75,9.71875,15.375,75.5,2.75,20.21875,32,358.9,490.1,7.4,9.225,14.85,112.2,5.0,20.95,40,347.84615384615387,473.5,6.615384615384615,10.0,14.192307692307692,102.65384615384616,2.423076923076923,20.653846153846153,26,368.3333333333333,449.0,4.0,6.666666666666667,10.333333333333334,106.66666666666667,4.0,18.0,3,340.1764705882353,508.6470588235294,6.0588235294117645,10.588235294117647,18.823529411764707,105.47058823529412,3.235294117647059,22.0,17,538.4444444444445,554.7777777777778,9.222222222222221,10.11111111111111,12.222222222222221,318.77777777777777,0.6666666666666666,23.11111111111111,9,490.46666666666664,571.8,9.8,10.066666666666666,12.733333333333333,251.66666666666666,0.6666666666666666,23.2,15
136228728,3495,571.25,570.25,13.666666666666666,9.5,16.5,272.1666666666667,10.0,24.083333333333332,12,415.609756097561,471.4390243902439,6.975609756097561,9.146341463414634,13.487804878048781,139.29268292682926,6.073170731707317,20.902439024390244,41,286.74074074074076,375.48148148148147,4.518518518518518,9.25925925925926,17.48148148148148,42.666666666666664,0.8518518518518519,18.37037037037037,54,333.7375,406.875,5.2125,8.875,16.6625,72.6125,2.8,18.975,80,343.8333333333333,422.0,5.166666666666667,7.75,17.166666666666668,102.25,2.25,19.916666666666668,12,572.7142857142857,541.8571428571429,17.428571428571427,10.428571428571429,15.285714285714286,300.42857142857144,8.0,25.0,7,273.45454545454544,351.6060606060606,2.8484848484848486,9.909090909090908,14.06060606060606,25.363636363636363,1.0303030303030303,17.545454545454547,33,0,0,0,0,0,0,0,0,0,0,0,0,0,0,0,0,0,0
57713071,2889,503.2413793103448,552.6034482758621,9.189655172413794,6.948275862068965,15.03448275862069,185.1206896551724,4.551724137931035,22.844827586206897,58,337.125,431.25,6.875,11.125,16.0,110.5,5.125,20.75,8,341.0,457.0833333333333,5.333333333333333,9.5,14.25,77.25,2.3333333333333335,19.916666666666668,12,347.11764705882354,445.3529411764706,5.352941176470588,9.529411764705882,16.294117647058822,98.47058823529412,3.1176470588235294,20.235294117647058,17,379.8333333333333,488.44444444444446,6.0,9.333333333333334,12.333333333333334,120.83333333333333,4.0,21.22222222222222,18,497.97777777777776,542.4,9.622222222222222,6.911111111111111,16.177777777777777,174.75555555555556,3.511111111111111,22.711111111111112,45,317.25,409.125,3.875,10.25,18.5,89.125,4.625,19.875,8,459.5,514.0,7.5,7.5,20.0,237.5,4.0,23.5,2,532.0,694.0,8.0,5.0,14.0,172.0,4.0,25.0,1
109988296,5272,461.42857142857144,527.0952380952381,8.095238095238095,9.5,8.619047619047619,195.5952380952381,13.095238095238095,20.047619047619047,42,476.41379310344826,559.6206896551724,9.10344827586207,8.241379310344827,12.241379310344827,219.86206896551724,10.689655172413794,21.103448275862068,29,436.54545454545456,540.8181818181819,5.909090909090909,11.363636363636363,13.454545454545455,176.0,8.454545454545455,22.181818181818183,11,407.7,516.0,6.1,10.2,11.95,155.15,8.95,20.65,20,449.14285714285717,586.0,7.428571428571429,11.714285714285714,11.142857142857142,194.0,9.0,22.857142857142858,7,452.52777777777777,504.6111111111111,6.777777777777778,9.472222222222221,8.36111111111111,182.13888888888889,11.25,19.666666666666668,36,364.7142857142857,480.2857142857143,6.714285714285714,10.0,15.0,123.42857142857143,3.142857142857143,19.571428571428573,7,547.4166666666666,634.6666666666666,11.166666666666666,6.583333333333333,13.583333333333334,253.5,8.833333333333334,22.166666666666668,12,0,0,0,0,0,0,0,0,0
374054318,2636,476.7972972972973,532.4324324324324,6.135135135135135,5.121621621621622,6.581081081081081,232.27027027027026,3.9324324324324325,19.77027027027027,74,251.25,284.0,2.0,8.0,6.75,71.25,3.5,14.5,4,434.8636363636364,490.8636363636364,4.409090909090909,5.454545454545454,7.136363636363637,209.95454545454547,4.045454545454546,19.227272727272727,22,460.1818181818182,522.2272727272727,5.840909090909091,5.090909090909091,7.681818181818182,219.1818181818182,3.25,19.704545454545453,44,479.41379310344826,512.7586206896551,6.620689655172414,5.310344827586207,7.655172413793103,219.75862068965517,2.4482758620689653,19.482758620689655,29,493.5652173913044,554.695652173913,5.434782608695652,5.260869565217392,5.130434782608695,275.9130434782609,5.043478260869565,20.47826086956522,23,214.0,225.75,1.75,9.0,6.25,32.0,1.0,12.25,4,391.6666666666667,359.3333333333333,2.0,6.333333333333333,3.3333333333333335,244.0,1.3333333333333333,15.666666666666666,3,404.6666666666667,388.6666666666667,3.3333333333333335,3.0,2.3333333333333335,153.33333333333334,2.3333333333333335,15.333333333333334,3
224566551,4327,446.95,502.725,6.7,5.975,7.525,185.85,8.325,18.55,40,358.89285714285717,418.14285714285717,4.5,7.357142857142857,9.892857142857142,86.5,3.9285714285714284,16.571428571428573,28,332.53333333333336,374.0,4.133333333333334,7.0,12.066666666666666,68.6,2.8,15.533333333333333,15,313.30434782608694,379.04347826086956,3.6956521739130435,7.913043478260869,13.043478260869565,58.78260869565217,2.0434782608695654,16.47826086956522,23,456.0,469.0,7.2,5.2,10.0,141.2,4.2,17.8,5,389.8181818181818,444.1818181818182,6.818181818181818,5.590909090909091,8.227272727272727,128.77272727272728,5.681818181818182,16.727272727272727,22,312.96,368.68,3.92,8.08,12.24,53.28,2.12,15.96,25,440.9,440.0,5.3,6.2,10.1,205.4,3.2,18.0,10,459.6666666666667,460.6666666666667,5.833333333333333,7.166666666666667,11.333333333333334,233.66666666666666,1.3333333333333333,19.666666666666668,6
252208629,2410,466.39130434782606,547.7826086956521,11.173913043478262,8.130434782608695,16.043478260869566,121.69565217391305,3.3043478260869565,21.695652173913043,23,417.4117647058824,478.70588235294116,9.529411764705882,7.588235294117647,12.176470588235293,114.52941176470588,3.5294117647058822,20.352941176470587,17,380.6666666666667,471.4166666666667,8.916666666666666,9.5,17.416666666666668,68.83333333333333,2.0,19.5,12,428.5217391304348,501.4782608695652,9.73913043478261,9.0,16.652173913043477,98.65217391304348,2.6956521739130435,20.73913043478261,23,427.875,526.75,11.0,12.375,18.75,93.75,1.25,22.5,8,487.85714285714283,571.4285714285714,12.642857142857142,7.571428571428571,16.142857142857142,128.71428571428572,2.5,22.428571428571427,14,325.25,412.5,5.5,5.25,14.0,82.5,3.0,18.5,4,475.8,521.6,10.6,7.0,9.6,149.6,2.8,22.0,5,0,0,0,0,0,0,0,0,0
319739541,1044,426.0,480.8857142857143,9.714285714285714,7.942857142857143,11.485714285714286,130.74285714285713,2.142857142857143,19.4,35,612.0,636.0,11.0,4.875,16.625,171.5,10.875,22.0,8,446.0,466.6,8.2,9.4,16.2,127.8,2.8,19.2,5,470.2857142857143,514.5714285714286,5.714285714285714,7.714285714285714,11.285714285714286,140.28571428571428,6.857142857142857,19.285714285714285,7,321.8333333333333,365.6666666666667,6.0,11.333333333333334,9.5,81.33333333333333,0.6666666666666666,16.5,6,471.1,491.9,9.8,7.2,11.8,113.6,3.6,18.5,10,0,0,0,0,0,0,0,0,0,409.6666666666667,403.3333333333333,5.0,7.0,12.666666666666666,99.33333333333333,3.3333333333333335,16.666666666666668,3,293.0,289.0,3.0,10.5,9.5,68.5,0.5,14.5,2
48781146,2369,452.84057971014494,581.3623188405797,12.63768115942029,10.695652173913043,12.53623188405797,125.68115942028986,5.188405797101449,22.202898550724637,69,419.6666666666667,549.0,9.666666666666666,13.666666666666666,20.666666666666668,105.66666666666667,2.3333333333333335,23.333333333333332,3,378.0769230769231,511.46153846153845,9.461538461538462,12.538461538461538,15.76923076923077,112.92307692307692,4.923076923076923,22.692307692307693,13,364.6875,496.625,8.0,11.8125,14.125,113.4375,4.5,21.6875,16,475.4761904761905,573.6190476190476,12.30952380952381,11.976190476190476,9.357142857142858,152.61904761904762,5.880952380952381,22.023809523809526,42,422.65384615384613,619.1538461538462,14.23076923076923,8.692307692307692,18.26923076923077,77.57692307692308,3.9615384615384617,23.307692307692307,26,357.6666666666667,561.6666666666666,5.666666666666667,11.666666666666666,21.666666666666668,80.66666666666667,2.0,23.333333333333332,3,264.0,343.0,1.0,12.0,6.0,88.0,4.0,15.0,1,367.0,580.0,12.0,18.0,8.0,144.0,0.0,24.0,1
157161777,2514,451.84615384615387,497.38461538461536,9.692307692307692,9.153846153846153,14.153846153846153,179.46153846153845,2.1538461538461537,21.923076923076923,13,473.7857142857143,501.7142857142857,11.285714285714286,11.142857142857142,13.071428571428571,204.42857142857142,3.142857142857143,22.5,14,422.06666666666666,493.43333333333334,9.433333333333334,9.366666666666667,16.933333333333334,138.43333333333334,7.066666666666666,21.766666666666666,30,431.04545454545456,503.8181818181818,9.954545454545455,9.636363636363637,16.818181818181817,132.5909090909091,8.772727272727273,21.818181818181817,22,403.125,440.125,9.5,14.0,17.75,164.375,2.75,22.0,8,449.8181818181818,506.72727272727275,10.545454545454545,8.090909090909092,14.272727272727273,119.27272727272727,1.9090909090909092,21.454545454545453,11,386.09090909090907,456.1818181818182,6.818181818181818,8.454545454545455,18.636363636363637,101.45454545454545,4.818181818181818,21.0,11,460.14285714285717,491.2857142857143,10.142857142857142,11.142857142857142,15.285714285714286,201.42857142857142,3.4285714285714284,23.0,7,559.0,638.0,6.0,10.0,14.0,206.0,10.0,25.0,1
268707144,2537,446.72222222222223,572.9722222222222,9.555555555555555,8.444444444444445,10.805555555555555,217.19444444444446,7.916666666666667,21.75,36,461.1142857142857,587.5142857142857,11.142857142857142,8.4,14.057142857142857,206.4857142857143,7.714285714285714,22.914285714285715,35,404.25925925925924,515.6296296296297,7.037037037037037,8.814814814814815,16.185185185185187,148.14814814814815,2.037037037037037,21.074074074074073,27,411.2,514.6,7.2,8.466666666666667,15.8,149.9,2.566666666666667,21.066666666666666,30,412.95454545454544,525.2727272727273,8.136363636363637,8.5,13.818181818181818,160.1818181818182,4.090909090909091,21.136363636363637,22,404.06666666666666,534.4666666666667,9.266666666666667,9.733333333333333,16.466666666666665,168.66666666666666,5.4,21.266666666666666,15,299.0,378.5,4.0,7.7,13.2,55.4,3.5,18.0,10,453.29411764705884,566.8823529411765,11.235294117647058,7.352941176470588,17.41176470588235,221.2941176470588,6.647058823529412,23.235294117647058,17,414.75,451.75,5.25,7.5,12.5,123.25,1.0,18.0,4
170349199,3054,455.1666666666667,593.1666666666666,9.333333333333334,7.0,16.166666666666668,208.5,8.833333333333334,23.333333333333332,6,337.17241379310343,448.3448275862069,5.137931034482759,6.793103448275862,12.310344827586206,79.10344827586206,4.724137931034483,18.896551724137932,29,347.94444444444446,455.72222222222223,5.296296296296297,8.277777777777779,14.925925925925926,88.35185185185185,4.092592592592593,19.75925925925926,54,345.5925925925926,454.64814814814815,5.203703703703703,8.055555555555555,14.425925925925926,85.37037037037037,4.5,19.64814814814815,54,365.875,492.175,5.825,8.0,16.625,96.9,3.95,20.75,40,354.53333333333336,478.26666666666665,5.533333333333333,7.466666666666667,13.0,112.33333333333333,4.6,20.066666666666666,15,323.85714285714283,443.14285714285717,4.238095238095238,5.523809523809524,12.428571428571429,63.76190476190476,4.619047619047619,18.238095238095237,21,445.0,442.5,4.5,6.5,9.5,116.0,9.0,17.5,2,445.0,442.5,4.5,6.5,9.5,116.0,9.0,17.5,2
163060853,877,433.1578947368421,516.578947368421,12.894736842105264,9.894736842105264,11.736842105263158,129.73684210526315,1.6842105263157894,21.894736842105264,19,425.14285714285717,533.2857142857143,12.428571428571429,10.571428571428571,11.428571428571429,105.14285714285714,1.5714285714285714,22.428571428571427,7,439.5,489.75,10.75,14.0,19.0,136.5,0.5,23.75,4,490.8,546.0,12.4,13.2,16.4,132.0,0.4,24.0,5,474.0,494.0,15.0,14.5,19.5,122.5,1.0,24.0,2,455.8666666666667,537.2,14.333333333333334,9.866666666666667,13.266666666666667,118.0,1.2,22.666666666666668,15,344.0,437.0,5.5,15.0,8.0,77.5,1.0,21.0,2,371.0,533.0,25.0,9.0,13.0,81.0,1.0,24.0,1,444.0,485.0,16.0,18.0,16.0,111.0,0.0,23.0,1
234302967,3633,0,0,0,0,0,0,0,0,0,374.5833333333333,510.6666666666667,8.166666666666666,9.083333333333334,14.416666666666666,154.41666666666666,7.333333333333333,20.666666666666668,12,345.94736842105266,440.0,3.8421052631578947,8.368421052631579,15.0,133.10526315789474,4.315789473684211,20.210526315789473,19,341.88,445.98,5.02,8.42,18.5,108.4,6.24,19.88,50,359.5,466.5,5.0,9.0,18.5,140.5,7.0,20.0,2,346.6666666666667,432.3333333333333,4.333333333333333,9.0,15.0,107.0,3.0,19.666666666666668,3,305.6545454545454,403.8727272727273,4.072727272727272,8.636363636363637,19.727272727272727,59.72727272727273,6.236363636363636,19.272727272727273,55,372.0,415.0,5.0,8.5,16.0,148.0,2.0,19.0,2,522.0,600.0,6.0,3.0,18.0,235.0,2.0,24.0,1
107697324,4379,422.67857142857144,454.60714285714283,6.357142857142857,10.642857142857142,11.821428571428571,149.78571428571428,3.1785714285714284,19.107142857142858,28,346.14285714285717,376.85714285714283,4.666666666666667,10.857142857142858,14.238095238095237,98.33333333333333,1.8095238095238095,17.38095238095238,21,378.7878787878788,420.54545454545456,5.121212121212121,11.090909090909092,16.181818181818183,124.06060606060606,1.4242424242424243,19.515151515151516,33,379.59090909090907,421.6363636363636,5.386363636363637,11.204545454545455,16.772727272727273,114.06818181818181,1.7272727272727273,19.545454545454547,44,425.92,441.04,5.64,11.72,15.32,151.96,2.28,20.08,25,354.6,408.1,4.0,10.6,11.0,95.7,1.6,17.3,10,276.94736842105266,338.63157894736844,2.8421052631578947,12.210526315789474,17.36842105263158,49.1578947368421,0.9473684210526315,16.894736842105264,19,415.3333333333333,466.55555555555554,6.555555555555555,12.222222222222221,17.11111111111111,126.11111111111111,2.3333333333333335,20.88888888888889,9,371.625,437.875,5.25,12.25,16.125,132.0,1.5,19.5,8
357843165,3926,421.0566037735849,475.54716981132077,5.415094339622642,6.113207547169812,11.584905660377359,179.26415094339623,1.9811320754716981,18.641509433962263,53,351.8,418.8,4.0,8.4,12.5,87.5,2.6,17.7,10,364.25,393.625,6.5,9.125,16.25,111.125,2.0,18.25,8,396.68518518518516,446.3888888888889,5.2592592592592595,7.462962962962963,15.777777777777779,156.16666666666666,1.0925925925925926,18.814814814814813,54,449.8529411764706,509.11764705882354,6.264705882352941,6.470588235294118,14.794117647058824,214.55882352941177,0.7941176470588235,20.294117647058822,34,386.2608695652174,419.8695652173913,4.739130434782608,6.695652173913044,12.73913043478261,88.30434782608695,1.826086956521739,16.652173913043477,23,287.8636363636364,315.90909090909093,3.227272727272727,8.681818181818182,16.136363636363637,40.86363636363637,1.8636363636363635,15.181818181818182,22,337.0,416.0,6.0,7.5,12.5,99.0,3.0,18.5,2,0,0,0,0,0,0,0,0,0
314451834,735,522.1,650.475,15.25,6.775,17.475,274.275,4.4,24.275,40,411.89285714285717,523.9642857142857,8.428571428571429,5.285714285714286,15.714285714285714,176.46428571428572,4.214285714285714,22.464285714285715,28,402.55555555555554,545.2222222222222,10.333333333333334,6.111111111111111,17.333333333333332,161.88888888888889,1.7777777777777777,22.88888888888889,9,420.32608695652175,554.0434782608696,9.5,5.739130434782608,14.695652173913043,181.8913043478261,2.239130434782609,23.0,46,441.25,583.5,11.625,6.125,17.375,165.625,2.125,23.625,8,504.44444444444446,665.4444444444445,14.88888888888889,6.777777777777778,16.88888888888889,223.0,2.0,24.444444444444443,9,395.0,570.3333333333334,8.0,4.333333333333333,14.333333333333334,128.66666666666666,2.6666666666666665,23.666666666666668,3,415.0,530.0,8.0,8.0,14.0,203.0,7.0,25.0,1,0,0,0,0,0,0,0,0,0
210277909,5038,564.2631578947369,636.0263157894736,9.31578947368421,6.368421052631579,10.026315789473685,283.1842105263158,11.18421052631579,22.44736842105263,38,500.030303030303,563.3030303030303,8.696969696969697,7.787878787878788,13.030303030303031,197.72727272727272,6.606060606060606,21.333333333333332,33,428.1818181818182,533.5,7.636363636363637,9.0,13.227272727272727,140.04545454545453,6.954545454545454,20.727272727272727,22,407.92105263157896,498.2894736842105,6.052631578947368,9.394736842105264,13.81578947368421,128.44736842105263,4.7368421052631575,19.763157894736842,38,494.1,548.0,9.6,8.3,8.8,171.2,8.4,19.3,10,545.5882352941177,615.9411764705883,8.647058823529411,8.529411764705882,13.235294117647058,251.11764705882354,7.176470588235294,23.058823529411764,17,374.0,463.7857142857143,5.357142857142857,9.571428571428571,15.214285714285714,93.35714285714286,1.5,19.0,14,511.3529411764706,565.4117647058823,9.705882352941176,7.764705882352941,11.941176470588236,214.1764705882353,6.294117647058823,21.058823529411764,17,0,0,0,0,0,0,0,0,0
102488345,4469,455.36842105263156,537.3684210526316,7.684210526315789,7.0,13.736842105263158,235.0,13.526315789473685,22.105263157894736,19,322.4166666666667,418.8611111111111,5.055555555555555,7.777777777777778,15.527777777777779,66.19444444444444,2.4166666666666665,19.27777777777778,36,301.56666666666666,381.8,4.7,8.7,15.233333333333333,55.8,4.166666666666667,18.266666666666666,30,306.7551020408163,397.734693877551,4.489795918367347,8.0,15.755102040816327,54.91836734693877,3.2653061224489797,18.73469387755102,49,348.3333333333333,437.0,4.833333333333333,11.833333333333334,19.0,157.5,4.5,21.833333333333332,6,332.64285714285717,412.42857142857144,4.142857142857143,8.928571428571429,17.642857142857142,53.142857142857146,1.5714285714285714,19.928571428571427,14,301.35555555555555,391.77777777777777,3.7111111111111112,7.4222222222222225,15.11111111111111,44.644444444444446,1.8666666666666667,18.42222222222222,45,487.3333333333333,582.6666666666666,13.666666666666666,5.333333333333333,9.0,247.33333333333334,10.666666666666666,21.666666666666668,3,359.5,438.5,8.5,16.0,24.0,192.0,1.0,24.0,2
110768379,4394,551.0,569.08,8.68,4.68,8.68,225.44,7.64,21.68,25,346.62068965517244,380.9655172413793,4.206896551724138,5.310344827586207,9.689655172413794,70.72413793103448,3.0689655172413794,16.17241379310345,29,421.53333333333336,447.2,6.288888888888889,6.4222222222222225,10.88888888888889,112.31111111111112,3.066666666666667,18.8,45,395.2307692307692,412.8076923076923,5.365384615384615,6.211538461538462,10.846153846153847,100.96153846153847,2.5576923076923075,17.903846153846153,52,430.52777777777777,446.0833333333333,6.305555555555555,6.305555555555555,9.833333333333334,125.91666666666667,4.166666666666667,18.52777777777778,36,400.5,442.9,5.0,5.1,9.9,118.6,2.5,18.9,10,352.71875,377.4375,3.6875,6.0625,12.1875,87.09375,2.03125,17.3125,32,406.25,446.1666666666667,5.0,5.75,11.583333333333334,117.16666666666667,4.166666666666667,18.166666666666668,12,473.2,524.4,7.4,5.0,14.2,157.0,1.6,20.0,5
127631666,4925,477.51428571428573,603.4571428571429,7.114285714285714,7.171428571428572,10.857142857142858,246.42857142857142,8.257142857142858,22.285714285714285,35,449.9259259259259,573.6296296296297,7.703703703703703,8.777777777777779,12.592592592592593,221.8148148148148,4.555555555555555,22.185185185185187,27,334.6896551724138,440.13793103448273,4.241379310344827,9.137931034482758,15.0,101.0,5.379310344827586,19.17241379310345,29,351.93939393939394,452.3939393939394,4.787878787878788,8.878787878787879,14.090909090909092,110.03030303030303,5.03030303030303,19.09090909090909,33,407.1,509.0,6.7,7.25,13.8,129.85,6.25,20.45,20,441.53333333333336,567.3,7.2,7.666666666666667,11.0,205.53333333333333,4.833333333333333,21.2,30,354.14285714285717,436.7857142857143,4.642857142857143,8.714285714285714,16.5,104.0,3.2857142857142856,19.428571428571427,14,454.1111111111111,552.6666666666666,6.222222222222222,8.222222222222221,14.11111111111111,241.88888888888889,8.222222222222221,21.77777777777778,9,285.6666666666667,372.0,2.0,12.666666666666666,15.333333333333334,134.66666666666666,7.666666666666667,19.0,3
10370479,3344,465.0980392156863,552.0588235294117,7.803921568627451,7.529411764705882,11.098039215686274,194.7058823529412,16.07843137254902,20.725490196078432,51,429.6938775510204,511.2448979591837,7.857142857142857,8.591836734693878,11.306122448979592,197.3469387755102,13.183673469387756,20.53061224489796,49,352.1,391.1,3.5,7.7,9.9,136.0,10.8,17.3,10,345.6875,445.1875,4.0,8.4375,10.375,137.75,8.6875,18.5,16,446.09090909090907,500.3636363636364,4.818181818181818,7.090909090909091,5.909090909090909,154.36363636363637,7.545454545454546,17.90909090909091,11,436.89473684210526,565.8421052631579,9.105263157894736,7.7368421052631575,10.0,174.6315789473684,9.736842105263158,21.263157894736842,19,333.1111111111111,429.0,5.111111111111111,9.11111111111111,13.88888888888889,105.22222222222223,9.555555555555555,19.77777777777778,9,444.0,536.2068965517242,8.03448275862069,9.517241379310345,11.275862068965518,228.82758620689654,11.241379310344827,21.96551724137931,29,417.5,427.5,4.5,6.5,3.0,196.5,4.0,18.0,2
107178738,3894,320.42857142857144,416.7142857142857,4.142857142857143,11.142857142857142,10.142857142857142,179.0,2.857142857142857,18.285714285714285,7,319.57894736842104,430.0,4.157894736842105,8.68421052631579,13.789473684210526,97.84210526315789,1.263157894736842,19.105263157894736,19,321.55555555555554,417.8888888888889,3.9444444444444446,8.666666666666666,16.5,96.27777777777777,1.7222222222222223,19.555555555555557,18,304.25,403.6923076923077,4.0576923076923075,8.153846153846153,17.326923076923077,65.86538461538461,1.2115384615384615,18.807692307692307,52,309.0,396.0,5.333333333333333,11.333333333333334,8.0,112.0,0.6666666666666666,18.0,3,293.8333333333333,342.6666666666667,4.0,8.833333333333334,13.5,72.0,0.5,17.166666666666668,6,299.625,405.175,4.225,7.8,17.875,47.475,1.125,18.6,40,300.6,393.4,3.0,8.6,13.8,100.6,2.8,19.6,5,337.3333333333333,410.0,3.6666666666666665,9.666666666666666,14.0,158.66666666666666,3.0,19.666666666666668,3
129219980,2295,399.7307692307692,532.0384615384615,8.307692307692308,8.115384615384615,13.26923076923077,157.26923076923077,8.576923076923077,21.96153846153846,26,357.40625,481.6875,6.125,8.90625,18.75,107.5625,5.5,20.75,32,331.05555555555554,431.55555555555554,4.972222222222222,10.083333333333334,17.833333333333332,73.11111111111111,3.111111111111111,19.88888888888889,36,312.94444444444446,411.94444444444446,4.194444444444445,10.0,16.38888888888889,66.69444444444444,2.8333333333333335,18.944444444444443,36,325.0833333333333,424.8333333333333,5.083333333333333,10.75,11.833333333333334,73.33333333333333,4.583333333333333,19.0,12,365.4,465.8,6.066666666666666,8.933333333333334,18.333333333333332,95.8,4.8,20.6,15,280.48275862068965,374.86206896551727,3.2758620689655173,9.724137931034482,15.482758620689655,49.44827586206897,2.896551724137931,17.896551724137932,29,411.0,445.85714285714283,4.0,7.285714285714286,14.428571428571429,166.28571428571428,2.0,19.714285714285715,7,439.6666666666667,461.1666666666667,4.833333333333333,6.666666666666667,13.166666666666666,152.66666666666666,2.0,19.333333333333332,6
104405784,3480,448.4415584415584,571.0909090909091,9.909090909090908,6.5064935064935066,12.467532467532468,178.23376623376623,3.6493506493506493,22.31168831168831,77,428.53333333333336,548.4,10.533333333333333,8.0,11.933333333333334,160.8,3.1333333333333333,21.866666666666667,15,417.8,539.6,10.6,8.4,12.2,151.2,3.6,22.4,5,345.6666666666667,518.3333333333334,2.0,8.333333333333334,8.666666666666666,136.0,1.6666666666666667,20.333333333333332,3,434.15384615384613,564.7692307692307,8.76923076923077,7.769230769230769,12.615384615384615,202.0,5.230769230769231,22.923076923076923,13,443.06779661016947,565.9152542372881,9.830508474576272,6.338983050847458,13.05084745762712,163.32203389830508,2.6271186440677967,22.1864406779661,59,340.0,416.8333333333333,7.666666666666667,7.0,19.5,68.0,1.5,17.166666666666668,6,433.75,532.0,11.75,7.75,10.0,144.0,3.75,21.25,4,0,0,0,0,0,0,0,0,0
296763138,4243,671.875,659.6428571428571,14.053571428571429,5.035714285714286,12.732142857142858,252.58928571428572,11.821428571428571,23.696428571428573,56,597.8837209302326,589.6279069767442,15.13953488372093,6.534883720930233,14.69767441860465,199.86046511627907,10.69767441860465,22.790697674418606,43,415.06666666666666,476.1333333333333,6.2,8.4,13.266666666666667,114.86666666666666,4.2,20.6,15,512.918918918919,543.7297297297297,11.243243243243244,7.297297297297297,15.108108108108109,154.8108108108108,7.918918918918919,22.0,37,527.5714285714286,533.1428571428571,10.5,7.214285714285714,12.857142857142858,152.78571428571428,6.785714285714286,21.571428571428573,14,685.25,674.21875,15.21875,3.875,10.53125,246.9375,11.34375,23.46875,32,321.6,378.5,3.7,8.9,18.2,42.9,0.5,18.1,10,651.8888888888889,650.5555555555555,14.777777777777779,5.0,12.88888888888889,197.66666666666666,8.777777777777779,22.88888888888889,9,500.0,601.0,4.0,12.0,15.0,219.0,5.0,24.0,1
122225763,2196,426.025,470.775,7.075,10.7,12.175,141.425,3.225,20.525,40,385.0,438.1904761904762,6.190476190476191,11.476190476190476,15.238095238095237,110.33333333333333,2.4761904761904763,19.714285714285715,21,351.75,411.7,5.3,12.95,13.2,110.15,2.5,20.0,20,367.0,404.25,5.0,11.142857142857142,13.464285714285714,94.32142857142857,2.0357142857142856,18.821428571428573,28,383.95,451.5,5.55,12.05,12.1,133.95,3.1,20.8,20,384.75,398.625,4.75,10.0,16.125,107.5,4.625,18.375,8,351.05263157894734,414.63157894736844,5.052631578947368,10.842105263157896,15.947368421052632,69.78947368421052,2.8947368421052633,18.789473684210527,19,408.875,434.5,6.875,12.875,14.5,147.625,1.5,20.25,8,340.3333333333333,389.6666666666667,4.0,16.0,7.0,133.0,0.3333333333333333,20.0,3
131807413,2264,515.581081081081,574.8513513513514,10.432432432432432,8.68918918918919,11.486486486486486,191.75675675675674,8.08108108108108,22.783783783783782,74,529.05,553.45,12.25,9.6,11.625,201.225,9.525,23.5,40,401.0,434.75,5.166666666666667,6.916666666666667,9.416666666666666,99.16666666666667,4.833333333333333,18.416666666666668,12,413.94444444444446,475.6111111111111,5.444444444444445,8.88888888888889,10.055555555555555,130.88888888888889,5.555555555555555,20.5,18,430.2142857142857,499.2857142857143,6.785714285714286,9.857142857142858,10.214285714285714,138.85714285714286,6.142857142857143,20.857142857142858,14,407.1666666666667,508.5833333333333,6.75,10.083333333333334,13.916666666666666,141.16666666666666,6.5,21.666666666666668,12,363.3,416.6,4.1,7.6,8.7,87.3,4.5,18.1,10,539.4,565.0,11.6,10.2,10.2,238.4,6.4,24.0,5,636.0,589.0,13.0,17.0,10.0,366.0,1.0,25.0,1
30214413,2390,487.70588235294116,518.3235294117648,8.647058823529411,9.794117647058824,12.941176470588236,194.8235294117647,9.323529411764707,21.91176470588235,34,415.6551724137931,488.2758620689655,7.9655172413793105,11.206896551724139,15.068965517241379,137.86206896551724,9.482758620689655,21.655172413793103,29,408.6875,493.9375,7.1875,11.4375,20.75,141.75,7.0625,23.4375,16,417.5263157894737,477.10526315789474,6.631578947368421,10.68421052631579,17.526315789473685,137.6315789473684,7.526315789473684,22.157894736842106,19,465.2,505.0,7.0,11.0,17.466666666666665,199.46666666666667,9.066666666666666,23.266666666666666,15,413.46153846153845,489.9230769230769,7.076923076923077,9.23076923076923,20.0,121.84615384615384,5.769230769230769,21.76923076923077,13,339.25,421.1875,5.0625,10.5,17.4375,74.75,11.0,20.125,16,487.7,505.4,5.3,11.5,12.9,205.3,7.3,21.3,10,506.0,550.5,6.333333333333333,13.333333333333334,14.5,244.66666666666666,2.3333333333333335,23.166666666666668,6
357533693,3710,414.0,488.0,7.0,10.0,15.0,188.0,2.0,25.0,1,347.0,405.0,7.205128205128205,9.76923076923077,16.82051282051282,49.0,4.538461538461538,19.53846153846154,39,441.625,546.4375,9.5625,11.3125,22.5,122.9375,4.8125,22.875,16,383.13793103448273,450.2068965517241,6.551724137931035,10.241379310344827,19.17241379310345,92.17241379310344,5.517241379310345,19.862068965517242,29,431.27272727272725,552.1818181818181,10.545454545454545,12.363636363636363,21.181818181818183,95.63636363636364,4.818181818181818,23.181818181818183,11,347.0,454.3333333333333,4.333333333333333,9.0,21.666666666666668,131.66666666666666,3.3333333333333335,22.333333333333332,3,339.1142857142857,388.5,5.714285714285714,9.528571428571428,16.957142857142856,44.6,4.9,18.9,70,386.375,411.0,4.125,7.875,17.5,128.25,7.75,18.5,8,558.5,652.0,9.0,5.5,22.5,291.5,4.5,25.0,2
101540248,3981,443.1666666666667,492.4074074074074,6.037037037037037,7.925925925925926,15.037037037037036,198.24074074074073,10.037037037037036,20.5,54,452.5,530.4,7.3,10.6,15.6,163.0,8.0,21.6,10,408.9230769230769,506.3076923076923,7.230769230769231,10.076923076923077,17.46153846153846,170.53846153846155,7.230769230769231,21.846153846153847,13,413.55555555555554,512.3333333333334,7.055555555555555,9.333333333333334,17.22222222222222,177.83333333333334,8.166666666666666,21.88888888888889,18,397.0,500.5,5.9,9.6,14.4,141.6,7.1,20.5,10,444.8,525.48,6.64,9.16,13.24,172.6,8.44,20.96,25,319.0,391.6666666666667,2.6666666666666665,11.333333333333334,14.333333333333334,79.66666666666667,3.6666666666666665,19.0,3,409.52941176470586,449.7647058823529,4.588235294117647,8.205882352941176,14.558823529411764,161.23529411764707,7.088235294117647,19.08823529411765,34,669.0,716.0,16.0,8.0,12.0,327.0,6.0,25.0,1
31395974,3672,411.5,513.6666666666666,6.666666666666667,7.666666666666667,17.333333333333332,174.83333333333334,7.666666666666667,21.083333333333332,12,327.7857142857143,450.7142857142857,6.285714285714286,8.5,17.476190476190474,71.95238095238095,4.5,20.666666666666668,42,324.22222222222223,438.25925925925924,5.037037037037037,9.0,16.37037037037037,96.29629629629629,4.185185185185185,20.62962962962963,27,321.94594594594594,427.8918918918919,5.0,8.621621621621621,16.83783783783784,101.29729729729729,4.081081081081081,20.405405405405407,37,409.47058823529414,516.7058823529412,7.176470588235294,8.0,17.11764705882353,161.88235294117646,7.117647058823529,21.235294117647058,17,355.8,477.8,4.8,10.2,19.8,157.6,3.8,23.0,5,325.6666666666667,452.0,6.205128205128205,8.512820512820513,16.923076923076923,86.51282051282051,3.923076923076923,20.897435897435898,39,336.07142857142856,428.35714285714283,4.214285714285714,8.214285714285714,17.285714285714285,118.07142857142857,3.0714285714285716,20.142857142857142,14,383.1818181818182,458.09090909090907,5.909090909090909,9.272727272727273,14.636363636363637,152.72727272727272,3.1818181818181817,20.636363636363637,11
149955341,4645,552.2666666666667,560.0666666666667,15.066666666666666,6.266666666666667,11.133333333333333,185.6,15.4,20.6,15,468.14285714285717,528.5714285714286,10.428571428571429,7.571428571428571,13.142857142857142,153.64285714285714,11.857142857142858,20.428571428571427,14,420.6666666666667,443.8333333333333,8.5,6.666666666666667,11.0,131.66666666666666,9.5,17.833333333333332,6,405.61538461538464,462.7692307692308,7.6923076923076925,8.692307692307692,13.076923076923077,117.38461538461539,9.846153846153847,18.76923076923077,13,461.8888888888889,494.6666666666667,10.555555555555555,5.0,8.333333333333334,151.33333333333334,8.88888888888889,18.444444444444443,9,543.9090909090909,549.0909090909091,15.272727272727273,5.818181818181818,10.454545454545455,179.63636363636363,12.909090909090908,20.09090909090909,11,335.2857142857143,399.0,5.428571428571429,10.571428571428571,18.428571428571427,78.42857142857143,6.142857142857143,18.857142857142858,7,455.0,514.8,10.0,8.8,12.2,176.8,9.2,20.8,5,445.0,427.0,10.0,7.0,6.0,124.0,13.0,17.0,1
114307742,3709,472.5769230769231,542.5769230769231,7.538461538461538,6.3076923076923075,11.846153846153847,262.65384615384613,5.5,21.73076923076923,26,453.4727272727273,559.7454545454545,12.090909090909092,6.327272727272727,15.418181818181818,204.4181818181818,6.1454545454545455,22.454545454545453,55,300.625,441.625,4.0,9.0,14.25,84.5,3.625,20.5,8,401.11764705882354,493.94117647058823,7.588235294117647,7.9411764705882355,15.058823529411764,194.35294117647058,5.0,21.294117647058822,17,509.6923076923077,530.7692307692307,6.384615384615385,6.923076923076923,12.384615384615385,267.2307692307692,5.384615384615385,21.615384615384617,13,369.0,488.3076923076923,7.461538461538462,8.0,11.923076923076923,149.69230769230768,4.6923076923076925,21.076923076923077,13,281.27272727272725,391.27272727272725,3.0,8.363636363636363,15.181818181818182,52.27272727272727,0.9090909090909091,19.90909090909091,11,480.3103448275862,570.2413793103449,13.620689655172415,4.9655172413793105,14.137931034482758,216.6206896551724,7.413793103448276,22.17241379310345,29,0,0,0,0,0,0,0,0,0
354745699,2577,434.95238095238096,486.04761904761904,9.19047619047619,8.523809523809524,14.642857142857142,121.33333333333333,3.1666666666666665,20.976190476190474,42,367.0,416.57142857142856,5.428571428571429,9.4,13.82857142857143,62.02857142857143,2.0285714285714285,18.8,35,369.4347826086956,422.5652173913044,5.434782608695652,10.043478260869565,13.478260869565217,85.82608695652173,2.3043478260869565,19.52173913043478,23,360.07142857142856,411.0357142857143,4.285714285714286,9.5,14.428571428571429,66.5,2.6785714285714284,19.214285714285715,28,440.8,476.1333333333333,6.4,7.8,13.266666666666667,131.53333333333333,2.6,20.4,15,397.27272727272725,446.90909090909093,9.272727272727273,9.272727272727273,14.954545454545455,70.9090909090909,2.0,20.227272727272727,22,345.14285714285717,390.2857142857143,3.6285714285714286,9.114285714285714,15.371428571428572,43.25714285714286,2.257142857142857,18.314285714285713,35,473.0,505.53846153846155,6.923076923076923,8.384615384615385,12.461538461538462,162.3846153846154,2.769230769230769,21.076923076923077,13,561.0,551.0,3.3333333333333335,6.666666666666667,11.0,225.66666666666666,0.3333333333333333,21.333333333333332,3
43291232,2992,398.0217391304348,531.7608695652174,7.782608695652174,9.021739130434783,14.869565217391305,155.0,6.195652173913044,21.695652173913043,46,385.6060606060606,519.4242424242424,7.757575757575758,9.151515151515152,16.333333333333332,134.96969696969697,6.212121212121212,21.454545454545453,33,368.75409836065575,500.9672131147541,8.934426229508198,10.59016393442623,17.34426229508197,101.50819672131148,3.2950819672131146,21.442622950819672,61,320.025,440.45,8.225,12.25,16.65,62.35,0.975,20.35,40,343.47058823529414,481.97058823529414,9.352941176470589,12.0,17.323529411764707,70.70588235294117,2.0588235294117645,21.676470588235293,34,400.9428571428571,540.5142857142857,8.371428571428572,8.485714285714286,16.571428571428573,146.2,6.457142857142857,22.142857142857142,35,253.5,369.375,1.625,9.375,15.625,43.875,2.0,18.25,8,255.0,340.0,1.0,14.0,4.0,137.0,1.0,17.0,1,442.0,581.0,24.0,15.0,23.0,170.0,1.0,25.0,1
33420852,3036,549.0,580.9565217391304,9.826086956521738,5.3478260869565215,11.282608695652174,212.47826086956522,9.565217391304348,20.934782608695652,46,432.75,534.3,8.65,8.55,16.05,108.3,4.3,21.4,20,420.19354838709677,477.1290322580645,7.709677419354839,8.064516129032258,16.096774193548388,89.64516129032258,4.161290322580645,19.161290322580644,31,403.5,459.02777777777777,7.194444444444445,8.277777777777779,15.972222222222221,87.0,3.9722222222222223,19.0,36,514.8076923076923,561.6153846153846,11.615384615384615,6.923076923076923,16.884615384615383,175.19230769230768,5.961538461538462,22.46153846153846,26,539.4,595.55,10.4,5.9,12.8,193.0,9.0,22.4,20,365.0,452.8095238095238,6.428571428571429,9.047619047619047,18.857142857142858,70.52380952380952,2.380952380952381,20.285714285714285,21,467.5,467.5,8.0,10.5,22.5,272.5,4.5,23.0,2,0,0,0,0,0,0,0,0,0
147861389,2887,389.72727272727275,506.8181818181818,7.2727272727272725,7.454545454545454,18.90909090909091,162.54545454545453,12.272727272727273,21.90909090909091,11,268.6923076923077,347.61538461538464,4.846153846153846,9.76923076923077,12.923076923076923,63.46153846153846,8.538461538461538,17.307692307692307,13,317.14285714285717,436.2857142857143,6.285714285714286,8.0,21.428571428571427,84.14285714285714,4.857142857142857,20.285714285714285,7,298.0,361.3,5.4,8.7,15.4,70.4,6.6,17.5,10,373.9,469.7,6.8,8.3,18.8,103.9,7.4,18.9,10,386.8,501.8,7.2,7.4,17.4,164.6,16.0,22.6,5,274.3076923076923,365.53846153846155,4.923076923076923,9.76923076923077,14.923076923076923,74.15384615384616,7.461538461538462,18.0,13,361.0,371.125,4.625,6.5,14.375,83.375,8.25,16.0,8,385.2,429.6,5.8,7.8,18.6,117.0,5.4,18.4,5
123595350,3991,498.6756756756757,518.1621621621622,8.837837837837839,9.0,10.783783783783784,210.83783783783784,10.513513513513514,21.486486486486488,37,388.76,433.08,6.24,10.68,13.88,104.04,6.12,19.64,25,373.8333333333333,434.0,5.666666666666667,12.166666666666666,13.416666666666666,109.91666666666667,4.333333333333333,20.583333333333332,12,355.35483870967744,388.3225806451613,4.548387096774194,11.806451612903226,13.935483870967742,92.90322580645162,3.193548387096774,18.870967741935484,31,423.35,453.7,5.9,9.2,13.25,138.85,5.9,19.95,20,489.54545454545456,536.9090909090909,10.727272727272727,9.272727272727273,11.727272727272727,198.9090909090909,12.0,22.90909090909091,11,321.76666666666665,363.3666666666667,4.166666666666667,10.566666666666666,16.033333333333335,49.6,3.3,17.933333333333334,30,344.09090909090907,373.6363636363636,3.3636363636363638,12.454545454545455,11.0,97.0909090909091,4.0,18.181818181818183,11,444.0,516.0,6.5,12.0,17.5,160.25,3.25,22.5,4
149743217,4503,382.9268292682927,474.6585365853659,6.7317073170731705,6.414634146341464,9.707317073170731,143.3170731707317,8.536585365853659,19.463414634146343,41,386.84615384615387,498.6923076923077,9.615384615384615,6.230769230769231,12.23076923076923,112.46153846153847,6.538461538461538,20.53846153846154,13,422.85185185185185,552.4444444444445,6.962962962962963,6.0,11.666666666666666,162.33333333333334,3.888888888888889,21.37037037037037,27,426.84615384615387,559.5769230769231,7.076923076923077,6.115384615384615,12.0,165.46153846153845,3.230769230769231,21.692307692307693,26,405.29787234042556,519.5106382978723,7.297872340425532,6.51063829787234,9.553191489361701,144.72340425531914,5.340425531914893,20.25531914893617,47,387.0,515.3333333333334,4.666666666666667,4.666666666666667,12.333333333333334,119.16666666666667,4.666666666666667,20.333333333333332,6,0,0,0,0,0,0,0,0,0,358.0,483.0,8.0,11.0,23.0,155.0,5.0,25.0,1,426.0,563.1304347826087,7.434782608695652,5.913043478260869,11.782608695652174,160.7826086956522,2.9565217391304346,21.47826086956522,23
143984760,3529,557.16,531.48,9.28,7.32,11.18,265.76,4.54,21.8,50,460.4193548387097,492.4516129032258,9.935483870967742,10.03225806451613,16.225806451612904,161.29032258064515,3.5806451612903225,21.516129032258064,31,375.27272727272725,457.6363636363636,5.545454545454546,9.363636363636363,16.727272727272727,106.0909090909091,5.7272727272727275,20.454545454545453,11,380.6666666666667,437.5833333333333,6.083333333333333,10.5,15.166666666666666,112.83333333333333,2.5,20.166666666666668,12,485.0,515.8181818181819,7.2727272727272725,7.909090909090909,15.272727272727273,156.1818181818182,6.818181818181818,22.09090909090909,11,549.2727272727273,570.3636363636364,9.363636363636363,8.181818181818182,11.636363636363637,278.6363636363636,4.2727272727272725,22.727272727272727,22,343.54545454545456,383.90909090909093,3.909090909090909,9.636363636363637,13.545454545454545,95.0909090909091,2.909090909090909,18.363636363636363,11,573.7857142857143,514.7142857142857,10.071428571428571,7.785714285714286,10.857142857142858,273.85714285714283,2.357142857142857,21.857142857142858,14,519.5,619.0,8.0,6.0,16.5,236.0,5.0,24.5,2
351893009,4263,604.1276595744681,591.3617021276596,11.553191489361701,4.9361702127659575,10.829787234042554,295.8085106382979,12.680851063829786,23.340425531914892,47,538.3529411764706,562.5588235294117,8.5,6.911764705882353,9.470588235294118,257.6470588235294,6.911764705882353,22.58823529411765,34,452.875,472.25,6.75,8.0,9.625,179.0,3.5,19.625,8,512.4516129032259,540.2903225806451,8.516129032258064,8.129032258064516,11.935483870967742,257.4193548387097,5.096774193548387,23.29032258064516,31,635.0,566.3333333333334,12.333333333333334,3.761904761904762,10.428571428571429,297.8095238095238,16.0,23.142857142857142,21,564.375,577.3,10.2,5.275,11.425,256.85,10.325,23.125,40,0,0,0,0,0,0,0,0,0,550.5,528.5,7.333333333333333,5.166666666666667,14.666666666666666,269.0,6.5,21.833333333333332,6,0,0,0,0,0,0,0,0,0
52747122,4336,670.6842105263158,704.0263157894736,12.052631578947368,3.9473684210526314,10.552631578947368,414.63157894736844,19.210526315789473,23.526315789473685,38,498.82608695652175,571.1739130434783,9.130434782608695,6.608695652173913,11.08695652173913,279.69565217391306,7.173913043478261,22.52173913043478,23,563.5833333333334,617.8333333333334,10.916666666666666,4.5,10.75,279.0,16.25,22.166666666666668,12,562.5384615384615,625.2307692307693,10.76923076923077,4.384615384615385,10.307692307692308,273.7692307692308,16.307692307692307,22.23076923076923,13,601.8181818181819,652.7272727272727,12.636363636363637,3.909090909090909,8.818181818181818,288.54545454545456,18.272727272727273,22.545454545454547,11,489.375,572.75,10.875,4.375,11.5,255.25,15.25,21.75,8,512.6666666666666,567.6666666666666,5.333333333333333,7.666666666666667,12.333333333333334,269.0,12.666666666666666,23.666666666666668,3,429.5,554.5,10.0,9.0,15.0,276.0,12.5,24.0,2,0,0,0,0,0,0,0,0,0
145813874,3441,412.37931034482756,529.5862068965517,7.758620689655173,6.9655172413793105,12.586206896551724,197.89655172413794,8.551724137931034,21.93103448275862,29,314.8666666666667,441.7,4.866666666666666,8.233333333333333,13.733333333333333,74.4,6.1,20.3,30,319.52,429.16,5.0,8.28,14.76,97.88,7.16,20.0,25,324.2916666666667,443.5416666666667,5.333333333333333,8.125,15.541666666666666,102.75,7.333333333333333,20.541666666666668,24,372.0,500.75,8.25,9.375,15.625,189.0,9.5,22.0,8,351.5609756097561,469.1219512195122,4.951219512195122,7.487804878048781,12.146341463414634,115.70731707317073,7.365853658536586,20.609756097560975,41,301.0,430.6333333333333,4.333333333333333,8.3,13.133333333333333,69.13333333333334,5.6,19.966666666666665,30,0,0,0,0,0,0,0,0,0,0,0,0,0,0,0,0,0,0
105711545,3899,432.3142857142857,552.0857142857143,7.828571428571428,7.171428571428572,11.228571428571428,219.65714285714284,8.342857142857143,22.2,35,333.0952380952381,403.85714285714283,5.571428571428571,9.238095238095237,10.80952380952381,98.0,5.238095238095238,17.857142857142858,21,335.8709677419355,414.64516129032256,4.32258064516129,8.96774193548387,13.870967741935484,103.51612903225806,3.5161290322580645,18.580645161290324,31,327.69444444444446,400.6666666666667,4.361111111111111,9.5,12.694444444444445,100.69444444444444,3.638888888888889,18.11111111111111,36,370.6842105263158,471.05263157894734,6.0,8.0,11.526315789473685,160.21052631578948,6.2105263157894735,19.842105263157894,19,401.35714285714283,498.57142857142856,7.642857142857143,7.5,12.857142857142858,167.42857142857142,4.857142857142857,20.785714285714285,14,238.47058823529412,303.3529411764706,2.9411764705882355,13.411764705882353,12.352941176470589,47.35294117647059,2.176470588235294,16.470588235294116,17,385.0,496.1666666666667,7.5,9.0,9.166666666666666,160.83333333333334,7.166666666666667,19.833333333333332,6,278.0,384.0,2.0,11.0,9.0,98.0,7.0,17.0,1
108179306,4266,506.4871794871795,580.0769230769231,8.64102564102564,4.333333333333333,12.948717948717949,229.84615384615384,19.05128205128205,21.974358974358974,39,433.57894736842104,514.3684210526316,8.157894736842104,5.473684210526316,13.947368421052632,180.1578947368421,16.68421052631579,21.36842105263158,19,369.06666666666666,471.26666666666665,6.533333333333333,7.066666666666666,16.6,133.73333333333332,8.8,20.966666666666665,30,383.2,466.0857142857143,6.714285714285714,6.6571428571428575,14.657142857142857,143.88571428571427,11.885714285714286,20.6,35,442.3809523809524,549.3333333333334,7.666666666666667,5.285714285714286,14.523809523809524,190.57142857142858,13.333333333333334,22.047619047619047,21,420.06666666666666,500.1333333333333,7.466666666666667,5.8,14.0,169.4,14.0,21.2,15,339.1,403.9,5.3,7.1,14.3,83.3,5.5,19.0,10,469.0,463.4,7.6,6.6,12.6,156.4,8.4,19.0,5,332.5,406.0,5.5,8.0,12.5,163.0,5.0,19.5,2
139801205,5716,505.72727272727275,590.9090909090909,9.363636363636363,4.787878787878788,11.151515151515152,207.12121212121212,12.818181818181818,21.78787878787879,33,455.55555555555554,554.2222222222222,9.61111111111111,6.111111111111111,15.11111111111111,194.44444444444446,8.444444444444445,21.38888888888889,18,379.27272727272725,478.27272727272725,5.363636363636363,5.454545454545454,13.363636363636363,112.72727272727273,3.0,19.363636363636363,11,338.7692307692308,421.65384615384613,4.076923076923077,5.615384615384615,14.076923076923077,95.76923076923077,3.0384615384615383,18.26923076923077,26,470.0,568.5714285714286,9.428571428571429,5.428571428571429,12.714285714285714,208.0,8.714285714285714,21.0,7,528.6428571428571,652.3571428571429,11.785714285714286,4.428571428571429,13.714285714285714,231.57142857142858,10.214285714285714,23.142857142857142,14,288.625,369.8125,2.6875,5.0625,15.5,48.5,0.9375,17.375,16,482.58620689655174,559.3793103448276,10.448275862068966,5.241379310344827,12.206896551724139,171.6206896551724,8.724137931034482,21.310344827586206,29,364.0,460.6666666666667,4.333333333333333,7.0,13.666666666666666,154.33333333333334,3.0,19.333333333333332,3
177536827,4030,643.3823529411765,607.6470588235294,12.794117647058824,5.823529411764706,11.205882352941176,241.11764705882354,10.735294117647058,22.41176470588235,34,523.6538461538462,533.5384615384615,10.73076923076923,7.846153846153846,13.807692307692308,175.53846153846155,8.538461538461538,21.346153846153847,26,487.1,529.0666666666667,11.733333333333333,8.233333333333333,17.633333333333333,157.9,3.8,22.033333333333335,30,464.8787878787879,509.5151515151515,10.93939393939394,8.636363636363637,17.575757575757574,148.06060606060606,4.212121212121212,21.696969696969695,33,511.19354838709677,538.3225806451613,11.96774193548387,7.516129032258065,17.419354838709676,165.74193548387098,4.451612903225806,22.129032258064516,31,587.4347826086956,545.1739130434783,12.26086956521739,6.6521739130434785,13.304347826086957,220.56521739130434,7.3478260869565215,22.47826086956522,23,377.46666666666664,435.26666666666665,7.466666666666667,8.266666666666667,15.6,91.53333333333333,6.8,20.0,15,594.5,594.8,10.5,4.7,10.2,191.1,4.2,21.8,10,622.1666666666666,541.8333333333334,15.166666666666666,7.0,18.166666666666668,268.3333333333333,1.5,23.5,6
119409489,3305,480.25,571.25,7.958333333333333,8.25,9.541666666666666,207.54166666666666,9.958333333333334,21.416666666666668,24,392.75757575757575,500.8484848484849,6.575757575757576,8.121212121212121,11.969696969696969,135.75757575757575,6.96969696969697,20.666666666666668,33,388.95348837209303,494.16279069767444,6.534883720930233,9.418604651162791,13.511627906976743,125.67441860465117,8.372093023255815,20.25581395348837,43,383.0,495.22222222222223,6.416666666666667,9.25,13.722222222222221,122.58333333333333,8.722222222222221,20.805555555555557,36,426.92,511.12,7.08,10.08,9.96,160.36,6.56,20.56,25,385.85714285714283,419.85714285714283,4.714285714285714,8.857142857142858,13.571428571428571,94.0,5.142857142857143,17.571428571428573,7,351.6,470.2,6.4,8.0,14.5,68.95,5.05,19.2,20,410.7142857142857,483.2142857142857,5.142857142857143,8.428571428571429,11.5,166.28571428571428,7.928571428571429,20.071428571428573,14,406.8333333333333,440.0,5.666666666666667,10.5,7.833333333333333,163.33333333333334,8.166666666666666,18.666666666666668,6
211414669,3452,563.0416666666666,681.5,10.083333333333334,7.0,11.625,278.625,7.583333333333333,23.541666666666668,24,455.5,558.4722222222222,8.0,7.527777777777778,12.583333333333334,175.83333333333334,3.4722222222222223,21.27777777777778,36,414.1666666666667,526.8,6.233333333333333,8.233333333333333,13.1,152.16666666666666,1.6,21.166666666666668,30,447.67241379310343,557.6551724137931,6.672413793103448,8.0,13.206896551724139,172.70689655172413,1.8275862068965518,21.344827586206897,58,445.9166666666667,564.4166666666666,7.458333333333333,8.5,14.125,157.45833333333334,0.7083333333333334,21.416666666666668,24,492.375,628.1875,8.25,7.875,13.6875,221.875,5.4375,23.3125,16,416.6842105263158,526.8421052631579,6.421052631578948,8.210526315789474,13.473684210526315,129.52631578947367,2.9473684210526314,20.842105263157894,19,463.2857142857143,544.1428571428571,7.785714285714286,7.785714285714286,11.785714285714286,202.92857142857142,2.357142857142857,21.5,14,495.875,612.5,5.375,7.125,12.25,252.875,0.625,23.0,8
70653626,2172,417.7857142857143,533.8571428571429,8.0,10.214285714285714,13.285714285714286,112.78571428571429,2.5,22.428571428571427,14,418.0,461.5,6.166666666666667,10.5,19.833333333333332,127.5,2.0833333333333335,22.166666666666668,12,429.6575342465753,481.54794520547944,8.41095890410959,8.698630136986301,17.10958904109589,112.82191780821918,3.136986301369863,21.246575342465754,73,411.44444444444446,482.55555555555554,7.722222222222222,10.666666666666666,15.11111111111111,111.55555555555556,2.2222222222222223,21.5,18,432.54545454545456,530.6363636363636,9.454545454545455,10.363636363636363,14.727272727272727,118.63636363636364,2.272727272727273,22.0,11,420.0,504.1666666666667,7.5,9.5,15.25,104.41666666666667,1.75,21.916666666666668,12,419.5,547.25,6.5,8.5,21.25,71.25,3.0,23.25,4,422.0,485.0,6.375,10.625,15.625,145.375,2.0,21.0,8,419.25,515.8333333333334,9.166666666666666,11.0,11.75,124.58333333333333,1.8333333333333333,21.333333333333332,12
311567248,3217,498.0,631.8205128205128,9.051282051282051,7.923076923076923,10.692307692307692,270.6666666666667,5.102564102564102,23.153846153846153,39,465.95348837209303,573.8139534883721,8.069767441860465,7.232558139534884,10.953488372093023,207.88372093023256,4.906976744186046,21.953488372093023,43,395.5,537.2222222222222,6.944444444444445,8.88888888888889,13.166666666666666,153.66666666666666,3.4444444444444446,22.0,18,435.15,549.675,7.65,7.775,11.7,175.45,4.2,21.625,40,429.5882352941176,601.1176470588235,8.176470588235293,8.470588235294118,12.235294117647058,191.94117647058823,3.1176470588235294,22.705882352941178,17,465.741935483871,583.9677419354839,8.64516129032258,6.870967741935484,11.451612903225806,233.25806451612902,5.290322580645161,22.193548387096776,31,271.09090909090907,353.72727272727275,3.090909090909091,11.363636363636363,14.090909090909092,53.18181818181818,1.3636363636363635,18.545454545454547,11,446.2857142857143,601.0,8.0,8.0,14.0,205.71428571428572,3.2857142857142856,23.428571428571427,7,468.0,562.3333333333334,8.333333333333334,8.0,15.0,193.66666666666666,2.3333333333333335,22.666666666666668,3
351078633,3864,528.6969696969697,637.969696969697,8.030303030303031,5.393939393939394,14.515151515151516,264.8181818181818,7.333333333333333,23.696969696969695,33,437.7741935483871,552.5806451612904,7.0,6.290322580645161,15.774193548387096,146.96774193548387,4.193548387096774,22.129032258064516,31,387.7,509.25,4.95,7.0,16.75,119.85,2.3,21.65,20,394.1951219512195,507.8780487804878,5.2682926829268295,7.073170731707317,16.073170731707318,118.8780487804878,3.1707317073170733,21.536585365853657,41,374.0,517.5,8.5,8.5,15.5,123.0,3.0,22.5,2,389.6,538.6,4.2,5.8,16.0,130.6,3.0,23.6,5,270.4230769230769,366.03846153846155,2.9615384615384617,8.384615384615385,16.384615384615383,27.96153846153846,1.0,18.576923076923077,26,401.90909090909093,499.72727272727275,4.2727272727272725,6.636363636363637,16.818181818181817,162.45454545454547,3.6363636363636362,21.545454545454547,11,410.14285714285717,514.8571428571429,4.428571428571429,7.857142857142857,16.0,176.71428571428572,2.857142857142857,22.285714285714285,7
126182112,2962,427.6060606060606,531.8181818181819,7.878787878787879,7.636363636363637,12.484848484848484,214.9090909090909,6.606060606060606,22.181818181818183,33,348.6060606060606,465.6060606060606,6.696969696969697,9.575757575757576,17.575757575757574,85.18181818181819,3.1515151515151514,21.242424242424242,33,343.1111111111111,447.97222222222223,5.944444444444445,8.666666666666666,16.555555555555557,94.58333333333333,2.4722222222222223,20.083333333333332,36,344.3414634146341,451.1707317073171,5.7560975609756095,9.268292682926829,16.902439024390244,98.58536585365853,2.4878048780487805,20.682926829268293,41,385.5925925925926,509.4074074074074,9.62962962962963,8.037037037037036,17.074074074074073,137.2962962962963,4.666666666666667,21.444444444444443,27,466.1333333333333,568.7333333333333,7.733333333333333,7.733333333333333,11.666666666666666,232.26666666666668,7.4,22.8,15,316.37931034482756,428.51724137931035,4.655172413793103,10.310344827586206,19.20689655172414,69.51724137931035,3.3448275862068964,20.896551724137932,29,314.5,396.5,3.0,11.0,14.0,112.75,5.0,19.5,4,429.0,633.0,12.0,8.0,17.0,225.0,0.5,25.0,2
175964592,3260,449.0357142857143,501.75,9.964285714285714,7.75,12.017857142857142,174.67857142857142,5.607142857142857,20.125,56,457.6607142857143,514.6607142857143,10.5,7.303571428571429,12.196428571428571,178.42857142857142,5.5,20.339285714285715,56,395.5,466.0769230769231,8.807692307692308,9.346153846153847,14.0,119.34615384615384,2.269230769230769,19.153846153846153,26,427.2857142857143,491.60714285714283,8.285714285714286,7.535714285714286,14.107142857142858,155.60714285714286,3.107142857142857,20.0,28,383.6363636363636,443.8181818181818,7.636363636363637,8.636363636363637,14.090909090909092,106.72727272727273,1.6363636363636365,18.454545454545453,22,457.04,551.2,10.96,7.12,13.12,168.76,5.0,21.04,25,327.75,340.5,6.25,9.5,8.5,34.25,4.0,13.75,4,377.22222222222223,440.77777777777777,7.777777777777778,9.777777777777779,14.555555555555555,124.88888888888889,2.4444444444444446,19.0,9,398.5,464.0,9.0,10.0,15.0,176.5,0.5,21.0,2
368638417,3796,464.8095238095238,576.6190476190476,9.047619047619047,6.095238095238095,9.238095238095237,228.14285714285714,4.523809523809524,21.666666666666668,21,301.95454545454544,386.54545454545456,4.545454545454546,8.136363636363637,13.772727272727273,116.31818181818181,3.090909090909091,17.727272727272727,22,305.65384615384613,387.5769230769231,3.8076923076923075,6.6923076923076925,15.807692307692308,75.11538461538461,1.3461538461538463,18.192307692307693,26,306.8809523809524,390.04761904761904,3.9285714285714284,6.761904761904762,16.11904761904762,76.85714285714286,1.619047619047619,18.071428571428573,42,427.26666666666665,539.9333333333333,7.733333333333333,6.466666666666667,11.2,177.0,3.466666666666667,21.4,15,309.4117647058824,400.5882352941176,3.764705882352941,7.470588235294118,14.941176470588236,97.6470588235294,0.47058823529411764,19.176470588235293,17,260.46875,323.65625,2.21875,6.65625,15.25,32.28125,0.46875,16.375,32,316.14285714285717,353.2857142857143,4.0,9.0,14.428571428571429,118.71428571428571,2.2857142857142856,18.142857142857142,7,362.0,339.0,4.333333333333333,5.333333333333333,10.0,112.66666666666667,3.0,16.666666666666668,3
130483584,3238,460.4594594594595,522.2162162162163,7.864864864864865,6.918918918918919,11.405405405405405,183.45945945945945,5.108108108108108,20.324324324324323,37,431.0,526.1666666666666,8.791666666666666,8.75,16.5,169.08333333333334,2.7083333333333335,21.25,24,443.6551724137931,514.448275862069,10.931034482758621,7.586206896551724,13.172413793103448,157.89655172413794,2.7241379310344827,20.310344827586206,29,447.7142857142857,518.7857142857143,11.214285714285714,7.642857142857143,13.285714285714286,161.78571428571428,2.642857142857143,20.5,28,479.27777777777777,558.4814814814815,10.407407407407407,7.185185185185185,13.518518518518519,191.35185185185185,3.314814814814815,21.685185185185187,54,450.1081081081081,542.4324324324324,9.27027027027027,7.675675675675675,15.18918918918919,164.86486486486487,4.594594594594595,21.35135135135135,37,335.0,444.85714285714283,3.7142857142857144,8.285714285714286,19.714285714285715,74.42857142857143,4.142857142857143,18.571428571428573,7,415.0,507.0,5.0,7.0,7.333333333333333,183.66666666666666,0.3333333333333333,19.333333333333332,3,475.0,567.3157894736842,13.105263157894736,7.105263157894737,10.947368421052632,163.8421052631579,1.5789473684210527,21.157894736842106,19
75018736,3730,509.14084507042253,616.5633802816901,9.28169014084507,7.535211267605634,10.464788732394366,271.76056338028167,23.056338028169016,22.830985915492956,71,322.4,419.26666666666665,4.466666666666667,9.8,12.466666666666667,78.33333333333333,6.066666666666666,19.4,15,409.8888888888889,548.7777777777778,5.777777777777778,8.0,13.777777777777779,133.11111111111111,13.777777777777779,22.0,9,358.1666666666667,468.77777777777777,5.0,9.61111111111111,12.166666666666666,103.11111111111111,10.166666666666666,20.5,18,455.25,546.25,7.125,8.875,12.5,216.375,18.125,22.25,8,508.08620689655174,617.1379310344828,10.086206896551724,7.5344827586206895,10.655172413793103,270.5689655172414,23.32758620689655,22.79310344827586,58,308.07142857142856,398.14285714285717,3.7142857142857144,9.5,12.928571428571429,63.214285714285715,5.357142857142857,19.142857142857142,14,351.0,477.0,8.0,12.0,10.0,136.0,13.0,21.0,1,0,0,0,0,0,0,0,0,0
61530475,3970,525.8918918918919,605.5675675675676,8.135135135135135,5.972972972972973,11.486486486486486,283.4594594594595,15.0,22.513513513513512,37,408.1290322580645,481.4516129032258,6.838709677419355,7.67741935483871,10.96774193548387,203.70967741935485,6.709677419354839,20.129032258064516,31,351.2307692307692,421.0769230769231,6.384615384615385,9.23076923076923,12.846153846153847,153.0,7.153846153846154,18.846153846153847,13,349.9583333333333,411.5416666666667,5.208333333333333,8.791666666666666,12.666666666666666,148.45833333333334,5.25,18.541666666666668,24,387.26666666666665,477.93333333333334,7.6,8.133333333333333,15.066666666666666,182.4,8.2,20.066666666666666,15,506.94117647058823,570.8235294117648,6.470588235294118,5.705882352941177,10.294117647058824,275.47058823529414,14.588235294117647,21.88235294117647,17,358.4583333333333,437.7083333333333,5.708333333333333,8.208333333333334,14.666666666666666,123.0,3.375,19.541666666666668,24,408.3636363636364,431.3636363636364,3.272727272727273,6.818181818181818,10.363636363636363,193.0,6.181818181818182,18.363636363636363,11,453.0,588.0,9.0,6.0,17.0,107.0,3.0,21.0,1
184653853,2197,520.9701492537314,637.0895522388059,12.462686567164178,6.08955223880597,11.029850746268657,250.7462686567164,11.238805970149254,23.119402985074625,67,505.32,634.2,14.4,6.8,13.08,209.64,13.04,23.48,25,507.35714285714283,663.3571428571429,13.0,6.857142857142857,11.0,233.21428571428572,11.214285714285714,23.857142857142858,14,517.6333333333333,654.7,13.733333333333333,6.633333333333334,12.666666666666666,221.83333333333334,12.433333333333334,23.666666666666668,30,485.4,618.3,7.6,6.4,12.8,246.1,6.4,23.4,10,501.67857142857144,631.0357142857143,12.892857142857142,6.321428571428571,9.607142857142858,250.21428571428572,9.392857142857142,23.25,28,0,0,0,0,0,0,0,0,0,525.6,696.4,11.8,6.2,13.4,218.6,12.4,24.6,5,470.0,651.0,13.0,6.0,17.0,175.0,1.0,25.0,1
211150141,1769,656.0540540540541,610.8648648648649,15.18918918918919,7.675675675675675,12.08108108108108,254.59459459459458,8.81081081081081,22.72972972972973,37,588.7777777777778,563.3333333333334,18.166666666666668,8.722222222222221,12.88888888888889,248.38888888888889,10.88888888888889,23.055555555555557,18,458.1578947368421,532.578947368421,13.68421052631579,8.421052631578947,11.526315789473685,103.73684210526316,4.2105263157894735,19.94736842105263,19,450.77777777777777,522.7222222222222,13.166666666666666,8.38888888888889,11.38888888888889,103.66666666666667,3.9444444444444446,19.77777777777778,18,592.48,547.84,13.28,7.84,12.96,201.12,3.96,20.88,25,578.6666666666666,564.4,16.466666666666665,7.933333333333334,15.066666666666666,227.73333333333332,6.2,22.866666666666667,15,456.0,489.0,12.0,11.0,9.0,115.0,9.0,19.0,1,531.3333333333334,578.5,12.666666666666666,7.666666666666667,9.833333333333334,202.83333333333334,6.333333333333333,21.666666666666668,6,489.0,541.6666666666666,10.0,9.666666666666666,13.666666666666666,154.66666666666666,2.0,20.0,3
177689707,4187,479.2957746478873,531.943661971831,8.43661971830986,6.985915492957746,12.19718309859155,216.26760563380282,17.929577464788732,21.239436619718308,71,433.45,510.0,5.8,8.65,15.4,194.35,9.35,21.2,20,407.0,463.59375,7.15625,7.125,12.0625,149.71875,12.375,19.53125,32,397.4054054054054,468.6756756756757,7.135135135135135,7.486486486486487,12.72972972972973,143.83783783783784,11.783783783783784,19.864864864864863,37,411.3157894736842,509.57894736842104,6.7368421052631575,7.421052631578948,13.368421052631579,153.78947368421052,8.789473684210526,20.63157894736842,19,508.6666666666667,618.6666666666666,7.0,4.666666666666667,7.333333333333333,287.3333333333333,27.0,21.333333333333332,3,323.72727272727275,438.72727272727275,3.4545454545454546,7.2727272727272725,16.363636363636363,81.72727272727273,3.4545454545454546,19.818181818181817,11,468.22222222222223,527.0,7.888888888888889,7.777777777777778,15.444444444444445,201.0,9.333333333333334,22.22222222222222,9,413.4,463.2,7.2,8.8,11.8,134.4,4.6,20.6,5
116511652,4117,573.0289855072464,641.2898550724638,10.173913043478262,6.420289855072464,11.101449275362318,284.60869565217394,18.840579710144926,22.681159420289855,69,324.6666666666667,445.0833333333333,4.833333333333333,5.583333333333333,13.666666666666666,67.41666666666667,3.25,18.583333333333332,12,516.3636363636364,613.5,8.818181818181818,6.954545454545454,13.863636363636363,275.27272727272725,13.409090909090908,22.318181818181817,22,503.11538461538464,604.2307692307693,8.807692307692308,6.730769230769231,14.0,241.8846153846154,13.653846153846153,22.26923076923077,26,565.2727272727273,653.3636363636364,9.636363636363637,6.545454545454546,13.954545454545455,302.22727272727275,15.318181818181818,23.045454545454547,22,494.73333333333335,597.8666666666667,8.6,7.066666666666666,15.0,236.06666666666666,9.2,23.133333333333333,15,295.2,419.4,6.4,7.4,18.2,48.4,2.4,20.4,5,385.3,458.7,4.6,4.3,11.6,86.6,8.4,17.4,10,418.0,505.0,9.0,8.0,17.0,114.0,4.0,22.0,1
357419146,3796,593.5818181818182,594.9818181818182,9.927272727272728,4.963636363636364,8.6,253.56363636363636,12.218181818181819,21.69090909090909,55,528.5714285714286,541.4,7.6,5.371428571428571,11.457142857142857,207.4857142857143,6.6,20.914285714285715,35,475.4166666666667,509.0833333333333,7.5,5.416666666666667,17.833333333333332,135.41666666666666,3.5,19.666666666666668,12,511.6216216216216,535.5945945945946,7.405405405405405,5.54054054054054,13.216216216216216,188.54054054054055,5.675675675675675,20.756756756756758,37,577.25,586.75,8.083333333333334,4.583333333333333,9.75,212.45833333333334,11.75,20.916666666666668,24,564.8666666666667,594.3,10.333333333333334,4.866666666666666,9.533333333333333,242.83333333333334,13.166666666666666,22.033333333333335,30,334.0,305.3333333333333,3.0,5.0,11.0,22.0,1.0,13.333333333333334,3,468.1666666666667,528.6666666666666,5.166666666666667,6.166666666666667,14.833333333333334,182.66666666666666,4.333333333333333,20.666666666666668,6,0,0,0,0,0,0,0,0,0
